Timestamp UTC,Camera RMS dBFS,Adjusted reference level
2026-09-27T02:45:31.876+00:00,-58.57,50.8
2026-09-27T02:45:32.664+00:00,-58.38,51.0
2026-09-27T02:45:33.339+00:00,-55.51,55.0
2026-09-27T02:45:34.153+00:00,-57.24,52.6
2026-09-27T02:45:34.891+00:00,-56.08,54.3
2026-09-27T02:45:35.564+00:00,-50.7,61.8
2026-09-27T02:45:36.400+00:00,-51.66,60.5
2026-09-27T02:45:37.174+00:00,-54.23,56.8
2026-09-27T02:45:37.885+00:00,-54.27,56.8
2026-09-27T02:45:38.555+00:00,-55.7,54.7
2026-09-27T02:45:39.340+00:00,-58.43,50.9
2026-09-27T02:45:40.185+00:00,-58.72,50.5
2026-09-27T02:45:40.929+00:00,-59.98,48.8
2026-09-27T02:45:41.569+00:00,-60.52,47.9
2026-09-27T02:45:42.338+00:00,-61.43,46.7
2026-09-27T02:45:43.154+00:00,-61.1,47.1
2026-09-27T02:45:43.921+00:00,-60.16,48.5
2026-09-27T02:45:44.625+00:00,-60.17,48.5
2026-09-27T02:45:45.313+00:00,-58.87,50.3
2026-09-27T02:45:46.085+00:00,-58.24,51.2
2026-09-27T02:45:46.874+00:00,-57.97,51.6
2026-09-27T02:45:47.618+00:00,-59.04,50.0
2026-09-27T02:45:48.381+00:00,-62.44,45.2
2026-09-27T02:45:49.191+00:00,-53.66,57.7
2026-09-27T02:45:49.914+00:00,-52.39,59.4
2026-09-27T02:45:50.639+00:00,-59.72,49.1
2026-09-27T02:45:51.364+00:00,-53.61,57.7
2026-09-27T02:45:52.117+00:00,-51.35,60.9
2026-09-27T02:45:52.854+00:00,-54.58,56.4
2026-09-27T02:45:53.610+00:00,-45.51,69.1
2026-09-27T02:45:54.354+00:00,-49.74,63.2
2026-09-27T02:45:55.161+00:00,-56.05,54.3
2026-09-27T02:45:55.884+00:00,-58.47,50.9
2026-09-27T02:45:56.626+00:00,-58.0,51.5
2026-09-27T02:45:57.357+00:00,-60.74,47.6
2026-09-27T02:45:58.138+00:00,-59.77,49.1
2026-09-27T02:45:58.877+00:00,-57.31,52.4
2026-09-27T02:45:59.615+00:00,-42.27,73.8
2026-09-27T02:46:00.384+00:00,-51.35,60.9
2026-09-27T02:46:01.166+00:00,-51.99,59.9
2026-09-27T02:46:01.876+00:00,-54.15,57.0
2026-09-27T02:46:02.569+00:00,-57.11,52.7
2026-09-27T02:46:03.285+00:00,-56.74,53.3
2026-09-27T02:46:04.112+00:00,-57.87,51.7
2026-09-27T02:46:04.869+00:00,-45.09,69.7
2026-09-27T02:46:05.562+00:00,-49.71,63.2
2026-09-27T02:46:06.292+00:00,-53.35,58.1
2026-09-27T02:46:07.118+00:00,-52.13,59.8
2026-09-27T02:46:07.841+00:00,-57.03,52.9
2026-09-27T02:46:08.608+00:00,-48.54,64.9
2026-09-27T02:46:09.369+00:00,-55.26,55.4
2026-09-27T02:46:10.088+00:00,-55.46,55.1
2026-09-27T02:46:10.884+00:00,-57.03,52.9
2026-09-27T02:46:11.556+00:00,-57.9,51.6
2026-09-27T02:46:12.366+00:00,-48.32,65.2
2026-09-27T02:46:13.132+00:00,-49.37,63.7
2026-09-27T02:46:13.771+00:00,-47.48,66.4
2026-09-27T02:46:14.608+00:00,-53.26,58.2
2026-09-27T02:46:15.372+00:00,-54.97,55.8
2026-09-27T02:46:16.062+00:00,-56.39,53.7
2026-09-27T02:46:16.825+00:00,-55.84,54.6
2026-09-27T02:46:17.572+00:00,-54.25,56.8
2026-09-27T02:46:18.346+00:00,-55.73,54.7
2026-09-27T02:46:19.123+00:00,-53.12,58.4
2026-09-27T02:46:19.804+00:00,-54.32,56.7
2026-09-27T02:46:20.596+00:00,-54.93,55.8
2026-09-27T02:46:21.317+00:00,-57.24,52.6
2026-09-27T02:46:22.071+00:00,-57.47,52.3
2026-09-27T02:46:22.870+00:00,-57.16,52.7
2026-09-27T02:46:23.666+00:00,-59.6,49.2
2026-09-27T02:46:24.398+00:00,-54.74,56.1
2026-09-27T02:46:25.135+00:00,-57.86,51.7
2026-09-27T02:46:25.866+00:00,-57.31,52.4
2026-09-27T02:46:26.583+00:00,-58.83,50.3
2026-09-27T02:46:27.269+00:00,-46.21,68.1
2026-09-27T02:46:28.052+00:00,-52.64,59.1
2026-09-27T02:46:28.858+00:00,-55.67,54.8
2026-09-27T02:46:29.561+00:00,-57.33,52.4
2026-09-27T02:46:30.334+00:00,-54.96,55.8
2026-09-27T02:46:31.123+00:00,-57.1,52.7
2026-09-27T02:46:31.904+00:00,-57.72,51.9
2026-09-27T02:46:32.643+00:00,-58.84,50.3
2026-09-27T02:46:33.328+00:00,-59.58,49.3
2026-09-27T02:46:34.114+00:00,-59.12,49.9
2026-09-27T02:46:34.834+00:00,-60.4,48.1
2026-09-27T02:46:35.580+00:00,-59.96,48.8
2026-09-27T02:46:36.400+00:00,-58.04,51.5
2026-09-27T02:46:37.119+00:00,-59.21,49.8
2026-09-27T02:46:37.785+00:00,-60.03,48.6
2026-09-27T02:46:38.613+00:00,-60.21,48.4
2026-09-27T02:46:39.359+00:00,-59.42,49.5
2026-09-27T02:46:40.084+00:00,-60.71,47.6
2026-09-27T02:46:40.824+00:00,-47.19,66.9
2026-09-27T02:46:41.543+00:00,-48.94,64.3
2026-09-27T02:46:42.358+00:00,-43.45,72.1
2026-09-27T02:46:43.132+00:00,-52.44,59.4
2026-09-27T02:46:43.850+00:00,-54.17,57.0
2026-09-27T02:46:44.603+00:00,-46.42,67.8
2026-09-27T02:46:45.295+00:00,-51.71,60.4
2026-09-27T02:46:46.027+00:00,-55.38,55.3
2026-09-27T02:46:46.842+00:00,-55.16,55.6
2026-09-27T02:46:47.637+00:00,-53.49,57.8
2026-09-27T02:46:48.411+00:00,-58.62,50.6
2026-09-27T02:46:49.182+00:00,-56.47,53.7
2026-09-27T02:46:49.862+00:00,-46.11,68.3
2026-09-27T02:46:50.614+00:00,-51.61,60.5
2026-09-27T02:46:51.301+00:00,-54.85,56.0
2026-09-27T02:46:52.050+00:00,-56.73,53.3
2026-09-27T02:46:52.873+00:00,-56.36,53.9
2026-09-27T02:46:53.570+00:00,-57.32,52.4
2026-09-27T02:46:54.302+00:00,-56.69,53.3
2026-09-27T02:46:55.119+00:00,-57.84,51.7
2026-09-27T02:46:55.840+00:00,-58.26,51.2
2026-09-27T02:46:56.640+00:00,-54.95,55.8
2026-09-27T02:46:57.367+00:00,-58.11,51.3
2026-09-27T02:46:58.123+00:00,-59.12,49.9
2026-09-27T02:46:58.902+00:00,-58.53,50.8
2026-09-27T02:46:59.592+00:00,-58.22,51.2
2026-09-27T02:47:00.363+00:00,-58.2,51.2
2026-09-27T02:47:01.126+00:00,-58.47,50.9
2026-09-27T02:47:01.847+00:00,-59.48,49.5
2026-09-27T02:47:02.534+00:00,-59.65,49.2
2026-09-27T02:47:03.353+00:00,-58.1,51.3
2026-09-27T02:47:04.066+00:00,-57.82,51.7
2026-09-27T02:47:04.900+00:00,-58.04,51.5
2026-09-27T02:47:05.602+00:00,-58.37,51.0
2026-09-27T02:47:06.372+00:00,-57.74,51.9
2026-09-27T02:47:07.100+00:00,-57.82,51.7
2026-09-27T02:47:07.794+00:00,-44.74,70.2
2026-09-27T02:47:08.574+00:00,-48.92,64.3
2026-09-27T02:47:09.326+00:00,-46.72,67.4
2026-09-27T02:47:10.036+00:00,-47.16,66.9
2026-09-27T02:47:10.860+00:00,-55.56,55.0
2026-09-27T02:47:11.564+00:00,-56.67,53.4
2026-09-27T02:47:12.396+00:00,-56.49,53.6
2026-09-27T02:47:13.129+00:00,-57.04,52.9
2026-09-27T02:47:13.850+00:00,-58.66,50.6
2026-09-27T02:47:14.598+00:00,-57.36,52.4
2026-09-27T02:47:15.269+00:00,-46.19,68.3
2026-09-27T02:47:16.032+00:00,-51.67,60.5
2026-09-27T02:47:16.880+00:00,-54.67,56.3
2026-09-27T02:47:17.554+00:00,-55.83,54.6
2026-09-27T02:47:18.320+00:00,-55.5,55.0
2026-09-27T02:47:19.083+00:00,-56.54,53.6
2026-09-27T02:47:19.875+00:00,-56.95,53.0
2026-09-27T02:47:20.603+00:00,-56.74,53.3
2026-09-27T02:47:21.342+00:00,-56.85,53.2
2026-09-27T02:47:22.108+00:00,-56.15,54.1
2026-09-27T02:47:22.847+00:00,-55.66,54.8
2026-09-27T02:47:23.555+00:00,-56.14,54.1
2026-09-27T02:47:24.351+00:00,-55.42,55.1
2026-09-27T02:47:25.079+00:00,-55.52,55.0
2026-09-27T02:47:25.774+00:00,-39.62,77.4
2026-09-27T02:47:26.580+00:00,-37.99,79.7
2026-09-27T02:47:27.351+00:00,-49.08,64.2
2026-09-27T02:47:28.081+00:00,-53.62,57.7
2026-09-27T02:47:28.931+00:00,-54.07,57.1
2026-09-27T02:47:29.667+00:00,-54.68,56.3
2026-09-27T02:47:30.435+00:00,-52.28,59.6
2026-09-27T02:47:31.143+00:00,-51.15,61.2
2026-09-27T02:47:31.932+00:00,-52.53,59.2
2026-09-27T02:47:32.651+00:00,-53.4,58.0
2026-09-27T02:47:33.341+00:00,-55.31,55.3
2026-09-27T02:47:34.162+00:00,-55.9,54.4
2026-09-27T02:47:34.927+00:00,-57.25,52.6
2026-09-27T02:47:35.695+00:00,-45.37,69.4
2026-09-27T02:47:36.426+00:00,-49.74,63.2
2026-09-27T02:47:37.174+00:00,-55.23,55.4
2026-09-27T02:47:37.862+00:00,-55.46,55.1
2026-09-27T02:47:38.692+00:00,-58.12,51.3
2026-09-27T02:47:39.395+00:00,-56.44,53.7
2026-09-27T02:47:40.171+00:00,-56.73,53.3
2026-09-27T02:47:40.873+00:00,-56.67,53.4
2026-09-27T02:47:41.612+00:00,-57.42,52.3
2026-09-27T02:47:42.339+00:00,-57.72,51.9
2026-09-27T02:47:43.157+00:00,-57.19,52.7
2026-09-27T02:47:43.900+00:00,-56.75,53.3
2026-09-27T02:47:44.669+00:00,-57.5,52.2
2026-09-27T02:47:45.424+00:00,-55.12,55.6
2026-09-27T02:47:46.129+00:00,-55.95,54.4
2026-09-27T02:47:46.911+00:00,-55.82,54.6
2026-09-27T02:47:47.660+00:00,-54.71,56.1
2026-09-27T02:47:48.359+00:00,-55.04,55.7
2026-09-27T02:47:49.156+00:00,-53.09,58.4
2026-09-27T02:47:49.914+00:00,-54.13,57.0
2026-09-27T02:47:50.663+00:00,-54.68,56.3
2026-09-27T02:47:51.389+00:00,-54.07,57.1
2026-09-27T02:47:52.137+00:00,-54.97,55.8
2026-09-27T02:47:52.934+00:00,-54.86,56.0
2026-09-27T02:47:53.660+00:00,-55.53,55.0
2026-09-27T02:47:54.370+00:00,-56.69,53.3
2026-09-27T02:47:55.149+00:00,-42.58,73.3
2026-09-27T02:47:55.881+00:00,-47.52,66.3
2026-09-27T02:47:56.698+00:00,-50.25,62.5
2026-09-27T02:47:57.327+00:00,-51.2,61.1
2026-09-27T02:47:58.165+00:00,-53.03,58.5
2026-09-27T02:47:58.922+00:00,-53.86,57.4
2026-09-27T02:47:59.635+00:00,-54.44,56.5
2026-09-27T02:48:00.439+00:00,-56.32,53.9
2026-09-27T02:48:01.180+00:00,-55.45,55.1
2026-09-27T02:48:01.892+00:00,-56.52,53.6
2026-09-27T02:48:02.625+00:00,-55.95,54.4
2026-09-27T02:48:03.431+00:00,-55.84,54.6
2026-09-27T02:48:04.165+00:00,-57.0,52.9
2026-09-27T02:48:04.881+00:00,-57.04,52.9
2026-09-27T02:48:05.621+00:00,-56.34,53.9
2026-09-27T02:48:06.386+00:00,-56.88,53.2
2026-09-27T02:48:07.164+00:00,-43.05,72.6
2026-09-27T02:48:07.919+00:00,-49.16,64.0
2026-09-27T02:48:08.672+00:00,-53.33,58.1
2026-09-27T02:48:09.428+00:00,-48.82,64.5
2026-09-27T02:48:10.157+00:00,-52.99,58.5
2026-09-27T02:48:10.931+00:00,-52.69,58.9
2026-09-27T02:48:11.591+00:00,-53.3,58.1
2026-09-27T02:48:12.403+00:00,-53.65,57.7
2026-09-27T02:48:13.190+00:00,-51.91,60.1
2026-09-27T02:48:13.856+00:00,-54.7,56.1
2026-09-27T02:48:14.665+00:00,-51.2,61.1
2026-09-27T02:48:15.421+00:00,-47.56,66.3
2026-09-27T02:48:16.209+00:00,-36.69,81.5
2026-09-27T02:48:16.964+00:00,-41.2,75.2
2026-09-27T03:32:56.341+00:00,-45.46,69.3
2026-09-27T03:32:57.267+00:00,-41.41,74.9
2026-09-27T03:32:58.249+00:00,-32.52,87.5
2026-09-27T03:32:59.243+00:00,-44.83,70.1
2026-09-27T03:33:00.279+00:00,-41.9,74.2
2026-09-27T03:33:01.256+00:00,-29.15,92.3
2026-09-27T03:33:02.273+00:00,-27.79,94.2
2026-09-27T03:33:03.227+00:00,-34.18,85.2
2026-09-27T03:33:04.352+00:00,-33.46,86.2
2026-09-27T03:33:05.303+00:00,-28.05,93.8
2026-09-27T03:33:06.271+00:00,-29.95,91.1
2026-09-27T03:33:07.314+00:00,-28.83,92.7
2026-09-27T03:33:08.266+00:00,-39.08,78.3
2026-09-27T03:33:09.274+00:00,-26.11,96.5
2026-09-27T03:33:10.265+00:00,-28.45,93.3
2026-09-27T03:33:11.265+00:00,-26.75,95.7
2026-09-27T03:33:12.299+00:00,-36.4,82.0
2026-09-27T03:33:13.265+00:00,-22.59,101.4
2026-09-27T03:33:14.327+00:00,-23.16,100.7
2026-09-27T03:33:15.346+00:00,-35.3,83.5
2026-09-27T03:33:16.298+00:00,-28.67,93.0
2026-09-27T03:33:17.245+00:00,-31.43,89.0
2026-09-27T03:33:18.260+00:00,-33.12,86.6
2026-09-27T03:33:19.243+00:00,-37.63,80.3
2026-09-27T03:33:20.273+00:00,-32.82,87.0
2026-09-27T03:33:21.306+00:00,-48.26,65.3
2026-09-27T03:33:22.272+00:00,-29.3,92.0
2026-09-27T03:33:23.297+00:00,-37.89,79.8
2026-09-27T03:33:24.340+00:00,-44.33,70.8
2026-09-27T03:33:25.286+00:00,-36.64,81.7
2026-09-27T03:33:26.259+00:00,-34.95,84.1
2026-09-27T03:33:27.246+00:00,-30.09,90.9
2026-09-27T03:33:28.285+00:00,-30.34,90.6
2026-09-27T03:33:29.276+00:00,-33.25,86.5
2026-09-27T03:33:30.290+00:00,-32.79,87.0
2026-09-27T03:33:31.311+00:00,-32.71,87.2
2026-09-27T03:33:32.296+00:00,-23.82,99.8
2026-09-27T03:33:33.232+00:00,-27.37,94.8
2026-09-27T03:33:34.333+00:00,-33.07,86.8
2026-09-27T03:33:35.305+00:00,-36.55,81.8
2026-09-27T03:33:36.323+00:00,-31.37,89.2
2026-09-27T03:33:37.256+00:00,-33.27,86.5
2026-09-27T03:33:38.220+00:00,-27.96,94.0
2026-09-27T03:33:39.286+00:00,-32.08,88.2
2026-09-27T03:33:40.305+00:00,-33.39,86.2
2026-09-27T03:33:41.278+00:00,-27.35,94.8
2026-09-27T03:33:42.305+00:00,-30.63,90.1
2026-09-27T03:33:43.289+00:00,-42.68,73.2
2026-09-27T03:33:44.344+00:00,-37.7,80.1
2026-09-27T03:33:45.329+00:00,-26.64,95.8
2026-09-27T03:33:46.218+00:00,-39.4,77.7
2026-09-27T03:33:47.260+00:00,-32.59,87.3
2026-09-27T03:33:48.294+00:00,-33.66,85.9
2026-09-27T03:33:49.235+00:00,-38.72,78.7
2026-09-27T03:33:50.265+00:00,-37.08,81.1
2026-09-27T03:33:51.231+00:00,-39.78,77.3
2026-09-27T03:33:52.343+00:00,-44.57,70.5
2026-09-27T03:33:53.271+00:00,-39.22,78.0
2026-09-27T03:33:54.241+00:00,-41.55,74.8
2026-09-27T03:33:55.274+00:00,-44.68,70.4
2026-09-27T03:33:56.287+00:00,-43.8,71.5
2026-09-27T03:33:57.234+00:00,-50.99,61.3
2026-09-27T03:33:58.337+00:00,-40.41,76.3
2026-09-27T03:33:59.226+00:00,-42.56,73.3
2026-09-27T03:34:00.273+00:00,-42.56,73.3
2026-09-27T03:34:01.314+00:00,-26.21,96.4
2026-09-27T03:34:02.241+00:00,-29.92,91.1
2026-09-27T03:34:03.320+00:00,-31.3,89.2
2026-09-27T03:34:04.271+00:00,-36.42,82.0
2026-09-27T03:34:05.249+00:00,-21.07,103.7
2026-09-27T03:34:06.262+00:00,-15.65,111.3
2026-09-27T03:34:07.334+00:00,-22.3,101.9
2026-09-27T03:34:08.255+00:00,-21.52,103.0
2026-09-27T03:34:09.301+00:00,-15.09,112.0
2026-09-27T03:34:10.247+00:00,-22.14,102.2
2026-09-27T03:34:11.303+00:00,-17.48,108.8
2026-09-27T03:34:12.283+00:00,-15.53,111.5
2026-09-27T03:34:13.240+00:00,-19.38,106.1
2026-09-27T03:34:14.277+00:00,-18.86,106.8
2026-09-27T03:34:15.306+00:00,-19.03,106.5
2026-09-27T03:34:16.262+00:00,-15.19,112.0
2026-09-27T03:34:17.289+00:00,-21.84,102.6
2026-09-27T03:34:18.285+00:00,-17.65,108.5
2026-09-27T03:34:19.280+00:00,-20.47,104.6
2026-09-27T03:34:20.339+00:00,-20.07,105.1
2026-09-27T03:34:21.243+00:00,-16.62,109.9
2026-09-27T03:34:22.277+00:00,-21.63,102.9
2026-09-27T03:34:23.256+00:00,-22.66,101.4
2026-09-27T03:34:24.383+00:00,-22.69,101.3
2026-09-27T03:34:25.270+00:00,-20.88,104.0
2026-09-27T03:34:26.286+00:00,-17.97,108.1
2026-09-27T03:34:27.324+00:00,-21.61,102.9
2026-09-27T03:34:28.331+00:00,-20.85,104.0
2026-09-27T03:34:29.287+00:00,-19.76,105.5
2026-09-27T03:34:30.287+00:00,-20.49,104.6
2026-09-27T03:34:31.284+00:00,-17.34,108.9
2026-09-27T03:34:32.315+00:00,-23.28,100.6
2026-09-27T03:34:33.266+00:00,-21.04,103.7
2026-09-27T03:34:34.236+00:00,-22.14,102.2
2026-09-27T03:34:35.265+00:00,-23.91,99.6
2026-09-27T03:34:36.280+00:00,-21.19,103.6
2026-09-27T03:34:37.283+00:00,-21.11,103.6
2026-09-27T03:34:38.306+00:00,-20.34,104.7
2026-09-27T03:34:39.246+00:00,-21.66,102.9
2026-09-27T03:34:40.305+00:00,-15.2,111.9
2026-09-27T03:34:41.320+00:00,-19.68,105.7
2026-09-27T03:34:42.289+00:00,-18.59,107.1
2026-09-27T03:34:43.288+00:00,-20.29,104.8
2026-09-27T03:34:44.286+00:00,-18.94,106.7
2026-09-27T03:34:45.262+00:00,-16.71,109.8
2026-09-27T03:34:46.274+00:00,-20.39,104.6
2026-09-27T03:34:47.228+00:00,-23.07,100.9
2026-09-27T03:34:48.256+00:00,-19.89,105.3
2026-09-27T03:34:49.315+00:00,-22.17,102.2
2026-09-27T03:34:50.282+00:00,-20.41,104.6
2026-09-27T03:34:51.319+00:00,-17.35,108.9
2026-09-27T03:34:52.288+00:00,-18.97,106.7
2026-09-27T03:34:53.286+00:00,-20.54,104.4
2026-09-27T03:34:54.291+00:00,-19.85,105.4
2026-09-27T03:34:55.259+00:00,-19.71,105.5
2026-09-27T03:34:56.284+00:00,-18.06,107.9
2026-09-27T03:34:57.292+00:00,-19.32,106.1
2026-09-27T03:34:58.257+00:00,-23.28,100.6
2026-09-27T03:34:59.277+00:00,-19.84,105.4
2026-09-27T03:35:00.262+00:00,-17.78,108.4
2026-09-27T03:35:01.261+00:00,-18.94,106.7
2026-09-27T03:35:02.282+00:00,-18.22,107.7
2026-09-27T03:35:03.224+00:00,-17.57,108.6
2026-09-27T03:35:04.333+00:00,-17.12,109.2
2026-09-27T03:35:05.278+00:00,-17.98,108.1
2026-09-27T03:35:06.240+00:00,-19.67,105.7
2026-09-27T03:35:07.254+00:00,-21.0,103.7
2026-09-27T03:35:08.312+00:00,-21.01,103.7
2026-09-27T03:35:09.311+00:00,-17.98,108.1
2026-09-27T03:35:10.267+00:00,-19.93,105.3
2026-09-27T03:35:11.283+00:00,-15.92,110.9
2026-09-27T03:35:12.327+00:00,-17.69,108.4
2026-09-27T03:35:13.253+00:00,-19.44,106.0
2026-09-27T03:35:14.240+00:00,-16.82,109.6
2026-09-27T03:35:15.326+00:00,-20.99,103.8
2026-09-27T03:35:16.302+00:00,-20.57,104.4
2026-09-27T03:35:17.235+00:00,-15.0,112.2
2026-09-27T03:35:18.264+00:00,-18.19,107.8
2026-09-27T03:35:19.226+00:00,-23.17,100.7
2026-09-27T03:35:20.273+00:00,-21.47,103.1
2026-09-27T03:35:21.287+00:00,-17.94,108.1
2026-09-27T03:35:22.318+00:00,-18.95,106.7
2026-09-27T03:35:23.264+00:00,-15.88,111.0
2026-09-27T03:35:24.299+00:00,-17.76,108.4
2026-09-27T03:35:25.234+00:00,-21.06,103.7
2026-09-27T03:35:26.267+00:00,-19.74,105.5
2026-09-27T03:35:27.239+00:00,-21.46,103.1
2026-09-27T03:35:28.365+00:00,-18.5,107.2
2026-09-27T03:35:29.309+00:00,-20.02,105.1
2026-09-27T03:35:30.278+00:00,-20.78,104.1
2026-09-27T03:35:31.274+00:00,-23.21,100.6
2026-09-27T03:35:32.307+00:00,-17.86,108.2
2026-09-27T03:35:33.230+00:00,-19.35,106.1
2026-09-27T03:35:34.330+00:00,-22.99,101.0
2026-09-27T03:35:35.252+00:00,-23.67,100.0
2026-09-27T03:35:36.348+00:00,-23.27,100.6
2026-09-27T03:35:37.325+00:00,-20.12,105.0
2026-09-27T03:35:38.280+00:00,-22.95,101.0
2026-09-27T03:35:39.299+00:00,-22.47,101.7
2026-09-27T03:35:40.273+00:00,-17.85,108.2
2026-09-27T03:35:41.222+00:00,-17.23,109.1
2026-09-27T03:35:42.284+00:00,-18.64,107.1
2026-09-27T03:35:43.247+00:00,-21.98,102.4
2026-09-27T03:35:44.357+00:00,-19.41,106.0
2026-09-27T03:35:45.262+00:00,-19.14,106.4
2026-09-27T03:35:46.231+00:00,-16.97,109.5
2026-09-27T03:35:47.307+00:00,-20.13,105.0
2026-09-27T03:35:48.322+00:00,-22.42,101.7
2026-09-27T03:35:49.245+00:00,-20.38,104.7
2026-09-27T03:35:50.337+00:00,-17.29,109.1
2026-09-27T03:35:51.243+00:00,-20.84,104.0
2026-09-27T03:35:52.309+00:00,-19.95,105.3
2026-09-27T03:35:53.280+00:00,-18.55,107.2
2026-09-27T03:35:54.305+00:00,-21.77,102.7
2026-09-27T03:35:55.284+00:00,-18.84,106.8
2026-09-27T03:35:56.312+00:00,-13.0,115.0
2026-09-27T03:35:57.245+00:00,-22.02,102.3
2026-09-27T03:35:58.285+00:00,-15.85,111.0
2026-09-27T03:35:59.311+00:00,-21.45,103.1
2026-09-27T03:36:00.349+00:00,-21.02,103.7
2026-09-27T03:36:01.283+00:00,-14.05,113.6
2026-09-27T03:36:02.251+00:00,-18.16,107.8
2026-09-27T03:36:03.291+00:00,-18.88,106.8
2026-09-27T03:36:04.291+00:00,-20.41,104.6
2026-09-27T03:36:05.223+00:00,-16.61,109.9
2026-09-27T03:36:06.336+00:00,-19.75,105.5
2026-09-27T03:36:07.257+00:00,-17.71,108.4
2026-09-27T03:36:08.286+00:00,-19.46,106.0
2026-09-27T03:36:09.280+00:00,-16.5,110.1
2026-09-27T03:36:10.246+00:00,-16.96,109.5
2026-09-27T03:36:11.306+00:00,-17.05,109.4
2026-09-27T03:36:12.271+00:00,-18.25,107.7
2026-09-27T03:36:13.213+00:00,-18.31,107.5
2026-09-27T03:36:14.264+00:00,-16.69,109.8
2026-09-27T03:36:15.235+00:00,-22.15,102.2
2026-09-27T03:36:16.268+00:00,-17.07,109.4
2026-09-27T03:36:17.285+00:00,-21.26,103.4
2026-09-27T03:36:18.276+00:00,-21.71,102.7
2026-09-27T03:36:19.295+00:00,-18.62,107.1
2026-09-27T03:36:20.326+00:00,-19.32,106.1
2026-09-27T03:36:21.252+00:00,-21.07,103.7
2026-09-27T03:36:22.289+00:00,-17.77,108.4
2026-09-27T03:36:23.297+00:00,-19.45,106.0
2026-09-27T03:36:24.355+00:00,-20.19,105.0
2026-09-27T03:36:25.329+00:00,-18.34,107.5
2026-09-27T03:36:26.270+00:00,-17.16,109.2
2026-09-27T03:36:27.304+00:00,-20.59,104.3
2026-09-27T03:36:28.295+00:00,-17.42,108.8
2026-09-27T03:36:29.271+00:00,-20.82,104.0
2026-09-27T03:36:30.298+00:00,-19.78,105.5
2026-09-27T03:36:31.287+00:00,-17.46,108.8
2026-09-27T03:36:32.338+00:00,-20.12,105.0
2026-09-27T03:36:33.287+00:00,-21.52,103.0
2026-09-27T03:36:34.247+00:00,-14.8,112.5
2026-09-27T03:36:35.292+00:00,-16.39,110.2
2026-09-27T03:36:36.287+00:00,-20.37,104.7
2026-09-27T03:36:37.289+00:00,-18.47,107.4
2026-09-27T03:36:38.295+00:00,-19.1,106.4
2026-09-27T03:36:39.236+00:00,-18.55,107.2
2026-09-27T03:36:40.329+00:00,-18.29,107.7
2026-09-27T03:36:41.271+00:00,-20.73,104.1
2026-09-27T03:36:42.240+00:00,-22.36,101.9
2026-09-27T03:36:43.268+00:00,-20.16,105.0
2026-09-27T03:36:44.286+00:00,-17.23,109.1
2026-09-27T03:36:45.223+00:00,-18.23,107.7
2026-09-27T03:36:46.313+00:00,-22.97,101.0
2026-09-27T03:36:47.295+00:00,-21.16,103.6
2026-09-27T03:36:48.270+00:00,-17.79,108.4
2026-09-27T03:36:49.258+00:00,-18.89,106.7
2026-09-27T03:36:50.271+00:00,-19.81,105.4
2026-09-27T03:36:51.285+00:00,-19.99,105.3
2026-09-27T03:36:52.276+00:00,-19.8,105.4
2026-09-27T03:36:53.248+00:00,-19.47,106.0
2026-09-27T03:36:54.263+00:00,-20.2,104.8
2026-09-27T03:36:55.250+00:00,-17.91,108.1
2026-09-27T03:36:56.281+00:00,-18.7,107.0
2026-09-27T03:36:57.310+00:00,-19.55,105.8
2026-09-27T03:36:58.293+00:00,-19.84,105.4
2026-09-27T03:36:59.321+00:00,-14.33,113.2
2026-09-27T03:37:00.260+00:00,-18.96,106.7
2026-09-27T03:37:01.231+00:00,-19.28,106.2
2026-09-27T03:37:02.281+00:00,-18.71,107.0
2026-09-27T03:37:03.285+00:00,-19.98,105.3
2026-09-27T03:37:04.301+00:00,-17.5,108.6
2026-09-27T03:37:05.308+00:00,-18.27,107.7
2026-09-27T03:37:06.257+00:00,-20.3,104.7
2026-09-27T03:37:07.294+00:00,-17.29,109.1
2026-09-27T03:37:08.278+00:00,-19.49,106.0
2026-09-27T03:37:09.274+00:00,-18.5,107.2
2026-09-27T03:37:10.371+00:00,-18.44,107.4
2026-09-27T03:37:11.216+00:00,-19.43,106.0
2026-09-27T03:37:12.262+00:00,-22.0,102.3
2026-09-27T03:37:13.296+00:00,-17.96,108.1
2026-09-27T03:37:14.270+00:00,-19.55,105.8
2026-09-27T03:37:15.301+00:00,-21.08,103.7
2026-09-27T03:37:16.332+00:00,-18.94,106.7
2026-09-27T03:37:17.237+00:00,-18.27,107.7
2026-09-27T03:37:18.277+00:00,-16.35,110.3
2026-09-27T03:37:19.262+00:00,-20.81,104.0
2026-09-27T03:37:20.292+00:00,-19.41,106.0
2026-09-27T03:37:21.288+00:00,-20.58,104.4
2026-09-27T03:37:22.286+00:00,-21.4,103.1
2026-09-27T03:37:23.255+00:00,-18.01,107.9
2026-09-27T03:37:24.331+00:00,-17.57,108.6
2026-09-27T03:37:25.256+00:00,-16.69,109.8
2026-09-27T03:37:26.313+00:00,-19.48,106.0
2026-09-27T03:37:27.274+00:00,-21.53,103.0
2026-09-27T03:37:28.307+00:00,-19.93,105.3
2026-09-27T03:37:29.286+00:00,-19.16,106.4
2026-09-27T03:37:30.270+00:00,-23.28,100.6
2026-09-27T03:37:31.298+00:00,-16.3,110.3
2026-09-27T03:37:32.281+00:00,-17.33,108.9
2026-09-27T03:37:33.263+00:00,-16.68,109.9
2026-09-27T03:37:34.288+00:00,-18.27,107.7
2026-09-27T03:37:35.305+00:00,-19.58,105.8
2026-09-27T03:37:36.253+00:00,-20.38,104.7
2026-09-27T03:37:37.318+00:00,-21.72,102.7
2026-09-27T03:37:38.269+00:00,-17.73,108.4
2026-09-27T03:37:39.329+00:00,-20.37,104.7
2026-09-27T03:37:40.259+00:00,-19.61,105.7
2026-09-27T03:37:41.285+00:00,-22.37,101.9
2026-09-27T03:37:42.264+00:00,-18.94,106.7
2026-09-27T03:37:43.279+00:00,-16.33,110.3
2026-09-27T03:37:44.286+00:00,-21.43,103.1
2026-09-27T03:37:45.269+00:00,-18.43,107.4
2026-09-27T03:37:46.284+00:00,-14.33,113.2
2026-09-27T03:37:47.281+00:00,-13.5,114.3
2026-09-27T03:37:48.301+00:00,-18.91,106.7
2026-09-27T03:37:49.274+00:00,-16.23,110.5
2026-09-27T03:37:50.329+00:00,-17.01,109.4
2026-09-27T03:37:51.313+00:00,-16.38,110.3
2026-09-27T03:37:52.296+00:00,-18.1,107.8
2026-09-27T03:37:53.276+00:00,-18.12,107.8
2026-09-27T03:37:54.245+00:00,-17.21,109.1
2026-09-27T03:37:55.273+00:00,-17.15,109.2
2026-09-27T03:37:56.312+00:00,-18.96,106.7
2026-09-27T03:37:57.300+00:00,-17.28,109.1
2026-09-27T03:37:58.329+00:00,-17.96,108.1
2026-09-27T03:37:59.336+00:00,-20.43,104.6
2026-09-27T03:38:00.333+00:00,-17.8,108.2
2026-09-27T03:38:01.311+00:00,-19.94,105.3
2026-09-27T03:38:02.221+00:00,-21.74,102.7
2026-09-27T03:38:03.264+00:00,-19.08,106.5
2026-09-27T03:38:04.286+00:00,-17.63,108.5
2026-09-27T03:38:05.237+00:00,-17.59,108.5
2026-09-27T03:38:06.277+00:00,-16.94,109.5
2026-09-27T03:38:07.246+00:00,-16.79,109.8
2026-09-27T03:38:08.277+00:00,-19.83,105.4
2026-09-27T03:38:09.260+00:00,-17.43,108.8
2026-09-27T03:38:10.247+00:00,-19.38,106.1
2026-09-27T03:38:11.287+00:00,-17.6,108.5
2026-09-27T03:38:12.283+00:00,-21.25,103.4
2026-09-27T03:38:13.219+00:00,-17.71,108.4
2026-09-27T03:38:14.319+00:00,-23.36,100.5
2026-09-27T03:38:15.230+00:00,-20.86,104.0
2026-09-27T03:38:16.281+00:00,-18.89,106.7
2026-09-27T03:38:17.278+00:00,-19.81,105.4
2026-09-27T03:38:18.296+00:00,-18.36,107.5
2026-09-27T03:38:19.336+00:00,-17.99,108.1
2026-09-27T03:38:20.303+00:00,-14.88,112.5
2026-09-27T03:38:21.254+00:00,-19.26,106.2
2026-09-27T03:38:22.253+00:00,-19.66,105.7
2026-09-27T03:38:23.223+00:00,-20.87,104.0
2026-09-27T03:38:24.311+00:00,-19.22,106.2
2026-09-27T03:38:25.319+00:00,-20.39,104.6
2026-09-27T03:38:26.268+00:00,-18.93,106.7
2026-09-27T03:38:27.310+00:00,-19.31,106.1
2026-09-27T03:38:28.266+00:00,-19.22,106.2
2026-09-27T03:38:29.247+00:00,-19.0,106.5
2026-09-27T03:38:30.331+00:00,-16.37,110.3
2026-09-27T03:38:31.269+00:00,-19.71,105.5
2026-09-27T03:38:32.307+00:00,-20.7,104.1
2026-09-27T03:38:33.281+00:00,-20.81,104.0
2026-09-27T03:38:34.279+00:00,-20.14,105.0
2026-09-27T03:38:35.269+00:00,-20.41,104.6
2026-09-27T03:38:36.344+00:00,-18.5,107.2
2026-09-27T03:38:37.280+00:00,-20.98,103.8
2026-09-27T03:38:38.257+00:00,-17.25,109.1
2026-09-27T03:38:39.307+00:00,-19.18,106.4
2026-09-27T03:38:40.347+00:00,-22.22,102.0
2026-09-27T03:38:41.347+00:00,-20.98,103.8
2026-09-27T03:38:42.256+00:00,-19.87,105.4
2026-09-27T03:38:43.329+00:00,-19.34,106.1
2026-09-27T03:38:44.320+00:00,-19.95,105.3
2026-09-27T03:38:45.285+00:00,-15.53,111.5
2026-09-27T03:38:46.282+00:00,-17.21,109.1
2026-09-27T03:38:47.290+00:00,-18.43,107.4
2026-09-27T03:38:48.399+00:00,-17.43,108.8
2026-09-27T03:38:49.268+00:00,-19.12,106.4
2026-09-27T03:38:50.237+00:00,-21.46,103.1
2026-09-27T03:38:51.294+00:00,-19.93,105.3
2026-09-27T03:38:52.299+00:00,-22.48,101.7
2026-09-27T03:38:53.280+00:00,-19.73,105.5
2026-09-27T03:38:54.296+00:00,-15.8,111.0
2026-09-27T03:38:55.311+00:00,-21.88,102.6
2026-09-27T03:38:56.341+00:00,-20.41,104.6
2026-09-27T03:38:57.299+00:00,-19.22,106.2
2026-09-27T03:38:58.249+00:00,-20.03,105.1
2026-09-27T03:38:59.266+00:00,-22.19,102.2
2026-09-27T03:39:00.345+00:00,-17.54,108.6
2026-09-27T03:39:01.257+00:00,-19.23,106.2
2026-09-27T03:39:02.259+00:00,-19.76,105.5
2026-09-27T03:39:03.266+00:00,-20.34,104.7
2026-09-27T03:39:04.324+00:00,-17.88,108.2
2026-09-27T03:39:05.320+00:00,-19.51,105.8
2026-09-27T03:39:06.290+00:00,-20.04,105.1
2026-09-27T03:39:07.332+00:00,-20.04,105.1
2026-09-27T03:39:08.318+00:00,-21.86,102.6
2026-09-27T03:39:09.250+00:00,-18.48,107.4
2026-09-27T03:39:10.305+00:00,-14.98,112.3
2026-09-27T03:39:11.232+00:00,-19.28,106.2
2026-09-27T03:39:12.330+00:00,-18.75,107.0
2026-09-27T03:39:13.311+00:00,-21.84,102.6
2026-09-27T03:39:14.285+00:00,-17.08,109.4
2026-09-27T03:39:15.293+00:00,-14.31,113.2
2026-09-27T03:39:16.404+00:00,-18.9,106.7
2026-09-27T03:39:17.291+00:00,-17.93,108.1
2026-09-27T03:39:18.305+00:00,-16.5,110.1
2026-09-27T03:39:19.305+00:00,-19.15,106.4
2026-09-27T03:39:20.254+00:00,-21.05,103.7
2026-09-27T03:39:21.300+00:00,-16.67,109.9
2026-09-27T03:39:22.297+00:00,-17.8,108.2
2026-09-27T03:39:48.668+00:00,-21.24,103.4
2026-09-27T03:39:49.572+00:00,-18.4,107.4
2026-09-27T03:39:50.288+00:00,-17.62,108.5
2026-09-27T03:39:51.047+00:00,-19.86,105.4
2026-09-27T03:39:51.848+00:00,-12.77,115.4
2026-09-27T03:39:52.591+00:00,-20.08,105.1
2026-09-27T03:39:53.326+00:00,-19.97,105.3
2026-09-27T03:39:54.038+00:00,-19.99,105.3
2026-09-27T03:39:54.802+00:00,-21.01,103.7
2026-09-27T03:39:55.614+00:00,-17.51,108.6
2026-09-27T03:39:56.338+00:00,-18.89,106.7
2026-09-27T03:39:57.089+00:00,-19.8,105.4
2026-09-27T03:39:57.871+00:00,-18.83,106.8
2026-09-27T03:39:58.617+00:00,-18.04,107.9
2026-09-27T03:39:59.399+00:00,-21.63,102.9
2026-09-27T03:40:00.096+00:00,-22.11,102.2
2026-09-27T03:40:00.894+00:00,-15.85,111.0
2026-09-27T03:40:01.689+00:00,-17.51,108.6
2026-09-27T03:40:02.385+00:00,-16.73,109.8
2026-09-27T03:40:03.157+00:00,-16.5,110.1
2026-09-27T03:40:03.911+00:00,-20.25,104.8
2026-09-27T03:40:04.649+00:00,-16.69,109.8
2026-09-27T03:40:05.420+00:00,-16.83,109.6
2026-09-27T03:40:06.066+00:00,-16.51,110.1
2026-09-27T03:40:06.879+00:00,-17.22,109.1
2026-09-27T03:40:07.596+00:00,-19.45,106.0
2026-09-27T03:40:08.404+00:00,-20.29,104.8
2026-09-27T03:40:09.197+00:00,-22.93,101.0
2026-09-27T03:40:09.901+00:00,-19.59,105.7
2026-09-27T03:40:10.678+00:00,-17.05,109.4
2026-09-27T03:40:11.415+00:00,-20.17,105.0
2026-09-27T03:40:12.065+00:00,-17.82,108.2
2026-09-27T03:40:12.890+00:00,-21.0,103.7
2026-09-27T03:40:13.668+00:00,-17.93,108.1
2026-09-27T03:40:14.390+00:00,-17.86,108.2
2026-09-27T03:40:15.155+00:00,-17.9,108.1
2026-09-27T03:40:15.915+00:00,-22.53,101.6
2026-09-27T03:40:16.564+00:00,-20.42,104.6
2026-09-27T03:40:17.382+00:00,-20.39,104.6
2026-09-27T03:40:18.056+00:00,-21.24,103.4
2026-09-27T03:40:18.852+00:00,-24.25,99.2
2026-09-27T03:40:19.587+00:00,-19.99,105.3
2026-09-27T03:40:20.369+00:00,-18.4,107.4
2026-09-27T03:40:21.103+00:00,-22.03,102.3
2026-09-27T03:40:21.859+00:00,-20.89,103.8
2026-09-27T03:40:22.586+00:00,-20.14,105.0
2026-09-27T03:40:23.406+00:00,-16.24,110.5
2026-09-27T03:40:24.062+00:00,-21.37,103.3
2026-09-27T03:40:24.853+00:00,-22.4,101.7
2026-09-27T03:40:25.659+00:00,-22.02,102.3
2026-09-27T03:40:26.306+00:00,-18.2,107.7
2026-09-27T03:40:27.101+00:00,-21.65,102.9
2026-09-27T03:40:27.874+00:00,-18.02,107.9
2026-09-27T03:40:28.656+00:00,-20.41,104.6
2026-09-27T03:40:29.413+00:00,-17.45,108.8
2026-09-27T03:40:30.127+00:00,-17.74,108.4
2026-09-27T03:40:30.840+00:00,-21.22,103.4
2026-09-27T03:40:31.670+00:00,-21.06,103.7
2026-09-27T03:40:32.314+00:00,-19.39,106.0
2026-09-27T03:40:33.129+00:00,-19.11,106.4
2026-09-27T03:40:33.892+00:00,-20.47,104.6
2026-09-27T03:40:34.561+00:00,-22.05,102.3
2026-09-27T03:40:35.300+00:00,-19.35,106.1
2026-09-27T03:40:36.088+00:00,-18.76,107.0
2026-09-27T03:40:36.942+00:00,-20.02,105.1
2026-09-27T03:40:37.603+00:00,-18.84,106.8
2026-09-27T03:40:38.396+00:00,-18.08,107.9
2026-09-27T03:40:39.152+00:00,-19.91,105.3
2026-09-27T03:40:39.908+00:00,-18.85,106.8
2026-09-27T03:40:40.663+00:00,-22.43,101.7
2026-09-27T03:40:41.386+00:00,-19.39,106.0
2026-09-27T03:40:42.026+00:00,-18.72,107.0
2026-09-27T03:40:42.826+00:00,-20.05,105.1
2026-09-27T03:40:43.586+00:00,-20.92,103.8
2026-09-27T03:40:44.402+00:00,-16.96,109.5
2026-09-27T03:40:45.134+00:00,-17.15,109.2
2026-09-27T03:40:45.921+00:00,-20.54,104.4
2026-09-27T03:40:46.583+00:00,-20.22,104.8
2026-09-27T03:40:47.420+00:00,-17.87,108.2
2026-09-27T03:40:48.093+00:00,-19.52,105.8
2026-09-27T03:40:48.857+00:00,-18.55,107.2
2026-09-27T03:40:49.629+00:00,-18.11,107.8
2026-09-27T03:40:50.321+00:00,-19.23,106.2
2026-09-27T03:40:51.120+00:00,-19.05,106.5
2026-09-27T03:40:51.837+00:00,-17.64,108.5
2026-09-27T03:40:52.640+00:00,-17.24,109.1
2026-09-27T03:40:53.378+00:00,-21.05,103.7
2026-09-27T03:40:54.071+00:00,-17.37,108.9
2026-09-27T03:40:54.875+00:00,-16.18,110.6
2026-09-27T03:40:55.623+00:00,-18.08,107.9
2026-09-27T03:40:56.294+00:00,-19.8,105.4
2026-09-27T03:40:57.067+00:00,-18.45,107.4
2026-09-27T03:40:57.881+00:00,-17.33,108.9
2026-09-27T03:40:58.606+00:00,-18.88,106.8
2026-09-27T03:40:59.293+00:00,-19.86,105.4
2026-09-27T03:41:00.070+00:00,-20.96,103.8
2026-09-27T03:41:00.886+00:00,-19.15,106.4
2026-09-27T03:41:01.658+00:00,-19.55,105.8
2026-09-27T03:41:02.399+00:00,-17.26,109.1
2026-09-27T03:41:03.138+00:00,-17.18,109.2
2026-09-27T03:41:03.918+00:00,-17.8,108.2
2026-09-27T03:41:04.582+00:00,-17.55,108.6
2026-09-27T03:41:05.323+00:00,-15.71,111.2
2026-09-27T03:41:06.079+00:00,-19.92,105.3
2026-09-27T03:41:06.794+00:00,-18.92,106.7
2026-09-27T03:41:07.594+00:00,-17.85,108.2
2026-09-27T03:41:08.373+00:00,-19.97,105.3
2026-09-27T03:41:09.124+00:00,-17.46,108.8
2026-09-27T03:41:09.868+00:00,-20.01,105.1
2026-09-27T03:41:10.601+00:00,-17.41,108.8
2026-09-27T03:41:11.419+00:00,-16.88,109.6
2026-09-27T03:41:12.070+00:00,-17.14,109.2
2026-09-27T03:41:12.798+00:00,-19.08,106.5
2026-09-27T03:41:13.660+00:00,-20.14,105.0
2026-09-27T03:41:14.348+00:00,-18.59,107.1
2026-09-27T03:41:15.173+00:00,-20.17,105.0
2026-09-27T03:41:15.862+00:00,-17.72,108.4
2026-09-27T03:41:16.612+00:00,-20.34,104.7
2026-09-27T03:41:17.380+00:00,-18.39,107.4
2026-09-27T03:41:18.123+00:00,-19.17,106.4
2026-09-27T03:41:18.843+00:00,-15.49,111.6
2026-09-27T03:41:19.604+00:00,-17.92,108.1
2026-09-27T03:41:20.300+00:00,-17.8,108.2
2026-09-27T03:41:21.113+00:00,-19.66,105.7
2026-09-27T03:41:21.908+00:00,-18.2,107.7
2026-09-27T03:41:22.570+00:00,-18.55,107.2
2026-09-27T03:41:23.291+00:00,-19.7,105.5
2026-09-27T03:41:24.119+00:00,-17.07,109.4
2026-09-27T03:41:24.901+00:00,-20.43,104.6
2026-09-27T03:41:25.651+00:00,-15.75,111.2
2026-09-27T03:41:26.354+00:00,-21.55,103.0
2026-09-27T03:41:27.154+00:00,-17.98,108.1
2026-09-27T03:41:27.874+00:00,-19.51,105.8
2026-09-27T03:41:28.623+00:00,-17.38,108.9
2026-09-27T03:41:29.372+00:00,-21.39,103.1
2026-09-27T03:41:30.071+00:00,-19.26,106.2
2026-09-27T03:41:30.801+00:00,-19.44,106.0
2026-09-27T03:41:31.585+00:00,-18.09,107.8
2026-09-27T03:41:32.392+00:00,-16.66,109.9
2026-09-27T03:41:33.103+00:00,-17.44,108.8
2026-09-27T03:41:33.918+00:00,-21.74,102.7
2026-09-27T03:41:34.578+00:00,-19.01,106.5
2026-09-27T03:41:35.375+00:00,-16.22,110.5
2026-09-27T03:41:36.094+00:00,-18.58,107.2
2026-09-27T03:41:36.830+00:00,-17.36,108.9
2026-09-27T03:41:37.576+00:00,-17.35,108.9
2026-09-27T03:41:38.365+00:00,-17.02,109.4
2026-09-27T03:41:39.119+00:00,-14.35,113.2
2026-09-27T03:41:39.896+00:00,-16.93,109.5
2026-09-27T03:41:40.626+00:00,-18.93,106.7
2026-09-27T03:41:41.362+00:00,-19.58,105.8
2026-09-27T03:41:42.111+00:00,-18.57,107.2
2026-09-27T03:41:42.898+00:00,-16.48,110.2
2026-09-27T03:41:43.616+00:00,-17.73,108.4
2026-09-27T03:41:44.291+00:00,-16.16,110.6
2026-09-27T03:41:45.158+00:00,-19.2,106.2
2026-09-27T03:41:45.907+00:00,-17.97,108.1
2026-09-27T03:41:46.591+00:00,-21.14,103.6
2026-09-27T03:41:47.329+00:00,-17.23,109.1
2026-09-27T03:41:48.106+00:00,-17.83,108.2
2026-09-27T03:41:48.896+00:00,-18.59,107.1
2026-09-27T03:41:49.664+00:00,-20.06,105.1
2026-09-27T03:41:50.350+00:00,-17.15,109.2
2026-09-27T03:41:51.175+00:00,-17.78,108.4
2026-09-27T03:41:51.916+00:00,-15.79,111.2
2026-09-27T03:41:52.626+00:00,-21.33,103.3
2026-09-27T03:41:53.358+00:00,-18.96,106.7
2026-09-27T03:41:54.092+00:00,-17.96,108.1
2026-09-27T03:41:54.883+00:00,-18.58,107.2
2026-09-27T03:41:55.598+00:00,-20.24,104.8
2026-09-27T03:41:56.395+00:00,-14.54,112.9
2026-09-27T03:41:57.102+00:00,-18.91,106.7
2026-09-27T03:41:57.892+00:00,-17.55,108.6
2026-09-27T03:41:58.604+00:00,-20.63,104.3
2026-09-27T03:41:59.386+00:00,-16.64,109.9
2026-09-27T03:42:00.098+00:00,-18.97,106.7
2026-09-27T03:42:00.858+00:00,-16.28,110.5
2026-09-27T03:42:01.659+00:00,-18.02,107.9
2026-09-27T03:42:02.347+00:00,-20.04,105.1
2026-09-27T03:42:03.130+00:00,-20.37,104.7
2026-09-27T03:42:03.835+00:00,-15.06,112.2
2026-09-27T03:42:04.611+00:00,-19.69,105.5
2026-09-27T03:42:05.363+00:00,-17.52,108.6
2026-09-27T03:42:06.099+00:00,-23.22,100.6
2026-09-27T03:42:06.827+00:00,-15.78,111.2
2026-09-27T03:42:07.656+00:00,-17.53,108.6
2026-09-27T03:42:08.323+00:00,-18.79,107.0
2026-09-27T03:42:09.063+00:00,-20.29,104.8
2026-09-27T03:42:09.866+00:00,-18.73,107.0
2026-09-27T03:42:10.627+00:00,-19.63,105.7
2026-09-27T03:42:11.304+00:00,-16.81,109.6
2026-09-27T03:42:12.115+00:00,-18.96,106.7
2026-09-27T03:42:12.882+00:00,-16.66,109.9
2026-09-27T03:42:13.600+00:00,-21.25,103.4
2026-09-27T03:42:14.338+00:00,-17.82,108.2
2026-09-27T03:42:15.109+00:00,-18.51,107.2
2026-09-27T03:42:15.932+00:00,-17.78,108.4
2026-09-27T03:42:16.577+00:00,-19.24,106.2
2026-09-27T03:42:17.339+00:00,-16.92,109.5
2026-09-27T03:42:18.039+00:00,-20.28,104.8
2026-09-27T03:42:18.837+00:00,-18.04,107.9
2026-09-27T03:42:19.597+00:00,-20.39,104.6
2026-09-27T03:42:20.397+00:00,-16.9,109.5
2026-09-27T03:42:21.089+00:00,-21.77,102.7
2026-09-27T03:42:21.924+00:00,-18.05,107.9
2026-09-27T03:42:22.618+00:00,-20.39,104.6
2026-09-27T03:42:23.366+00:00,-19.81,105.4
2026-09-27T03:42:24.120+00:00,-18.72,107.0
2026-09-27T03:42:24.820+00:00,-15.63,111.3
2026-09-27T03:42:25.577+00:00,-18.73,107.0
2026-09-27T03:42:26.347+00:00,-15.94,110.9
2026-09-27T03:42:27.094+00:00,-18.9,106.7
2026-09-27T03:42:27.836+00:00,-17.41,108.8
2026-09-27T03:42:28.660+00:00,-20.58,104.4
2026-09-27T03:42:29.423+00:00,-19.4,106.0
2026-09-27T03:42:30.117+00:00,-22.65,101.4
2026-09-27T03:42:30.858+00:00,-16.95,109.5
2026-09-27T03:42:31.600+00:00,-17.05,109.4
2026-09-27T03:42:32.363+00:00,-17.71,108.4
2026-09-27T03:42:33.064+00:00,-16.13,110.6
2026-09-27T03:42:33.892+00:00,-17.34,108.9
2026-09-27T03:42:34.596+00:00,-19.05,106.5
2026-09-27T03:42:35.309+00:00,-18.97,106.7
2026-09-27T03:42:36.095+00:00,-19.69,105.5
2026-09-27T03:42:36.915+00:00,-18.12,107.8
2026-09-27T03:42:37.659+00:00,-20.19,105.0
2026-09-27T03:42:38.348+00:00,-17.73,108.4
2026-09-27T03:42:39.134+00:00,-18.67,107.1
2026-09-27T03:42:39.873+00:00,-19.75,105.5
2026-09-27T03:42:40.640+00:00,-18.69,107.0
2026-09-27T03:42:41.333+00:00,-16.15,110.6
2026-09-27T03:42:42.055+00:00,-12.3,116.0
2026-09-27T03:42:42.836+00:00,-14.24,113.3
2026-09-27T03:42:43.571+00:00,-15.97,110.9
2026-09-27T03:42:44.418+00:00,-17.27,109.1
2026-09-27T03:42:45.250+00:00,-18.2,107.7
2026-09-27T03:42:45.943+00:00,-18.05,107.9
2026-09-27T03:42:46.592+00:00,-19.56,105.8
2026-09-27T03:42:47.441+00:00,-18.6,107.1
2026-09-27T03:42:48.088+00:00,-19.56,105.8
2026-09-27T03:42:48.809+00:00,-18.43,107.4
2026-09-27T03:42:49.570+00:00,-18.79,107.0
2026-09-27T03:42:50.335+00:00,-19.37,106.1
2026-09-27T03:42:51.094+00:00,-16.46,110.2
2026-09-27T03:42:51.882+00:00,-17.59,108.5
2026-09-27T03:42:52.635+00:00,-19.0,106.5
2026-09-27T03:42:53.387+00:00,-18.16,107.8
2026-09-27T03:42:54.122+00:00,-18.62,107.1
2026-09-27T03:42:54.902+00:00,-19.03,106.5
2026-09-27T03:42:55.645+00:00,-20.54,104.4
2026-09-27T03:42:56.317+00:00,-20.81,104.0
2026-09-27T03:42:57.097+00:00,-21.95,102.4
2026-09-27T03:42:57.902+00:00,-19.25,106.2
2026-09-27T03:42:58.591+00:00,-16.86,109.6
2026-09-27T03:42:59.310+00:00,-13.68,114.2
2026-09-27T03:43:00.094+00:00,-13.49,114.4
2026-09-27T03:43:00.903+00:00,-16.97,109.5
2026-09-27T03:43:01.673+00:00,-14.68,112.7
2026-09-27T03:43:02.338+00:00,-17.53,108.6
2026-09-27T03:43:03.118+00:00,-17.43,108.8
2026-09-27T03:43:03.891+00:00,-20.28,104.8
2026-09-27T03:43:04.559+00:00,-15.25,111.9
2026-09-27T03:43:05.366+00:00,-16.49,110.2
2026-09-27T03:43:06.055+00:00,-19.49,106.0
2026-09-27T03:43:06.813+00:00,-18.6,107.1
2026-09-27T03:43:07.563+00:00,-17.18,109.2
2026-09-27T03:43:08.398+00:00,-18.85,106.8
2026-09-27T03:43:09.120+00:00,-20.36,104.7
2026-09-27T03:43:09.956+00:00,-17.45,108.8
2026-09-27T03:43:10.617+00:00,-17.7,108.4
2026-09-27T03:43:11.417+00:00,-19.62,105.7
2026-09-27T03:43:12.118+00:00,-16.86,109.6
2026-09-27T03:43:12.872+00:00,-17.87,108.2
2026-09-27T03:43:13.564+00:00,-18.56,107.2
2026-09-27T03:43:14.342+00:00,-13.61,114.2
2026-09-27T03:43:15.200+00:00,-18.44,107.4
2026-09-27T03:43:15.868+00:00,-17.77,108.4
2026-09-27T03:43:16.603+00:00,-20.3,104.7
2026-09-27T03:43:17.416+00:00,-18.78,107.0
2026-09-27T03:43:18.121+00:00,-18.82,106.8
2026-09-27T03:43:18.908+00:00,-18.26,107.7
2026-09-27T03:43:19.601+00:00,-20.16,105.0
2026-09-27T03:43:20.363+00:00,-18.38,107.5
2026-09-27T03:43:21.065+00:00,-19.54,105.8
2026-09-27T03:43:21.882+00:00,-17.14,109.2
2026-09-27T03:43:22.602+00:00,-18.4,107.4
2026-09-27T03:43:23.308+00:00,-17.14,109.2
2026-09-27T03:43:24.117+00:00,-16.55,110.1
2026-09-27T03:43:24.903+00:00,-19.35,106.1
2026-09-27T03:43:25.653+00:00,-17.97,108.1
2026-09-27T03:43:26.359+00:00,-20.5,104.4
2026-09-27T03:43:27.160+00:00,-17.52,108.6
2026-09-27T03:43:27.876+00:00,-20.78,104.1
2026-09-27T03:43:28.616+00:00,-18.08,107.9
2026-09-27T03:43:29.391+00:00,-16.08,110.8
2026-09-27T03:43:30.089+00:00,-15.7,111.2
2026-09-27T03:43:30.806+00:00,-18.01,107.9
2026-09-27T03:43:31.636+00:00,-19.55,105.8
2026-09-27T03:43:32.393+00:00,-17.44,108.8
2026-09-27T03:43:33.186+00:00,-17.09,109.2
2026-09-27T03:43:33.941+00:00,-17.1,109.2
2026-09-27T03:43:34.618+00:00,-13.75,114.0
2026-09-27T03:43:35.401+00:00,-19.66,105.7
2026-09-27T03:43:36.120+00:00,-15.59,111.3
2026-09-27T03:43:36.847+00:00,-13.3,114.6
2026-09-27T03:43:37.621+00:00,-17.78,108.4
2026-09-27T03:43:38.360+00:00,-19.63,105.7
2026-09-27T03:43:39.078+00:00,-20.39,104.6
2026-09-27T03:43:39.880+00:00,-19.75,105.5
2026-09-27T03:43:40.666+00:00,-14.42,113.0
2026-09-27T03:43:41.422+00:00,-16.67,109.9
2026-09-27T03:43:42.142+00:00,-21.51,103.0
2026-09-27T03:43:42.861+00:00,-19.18,106.4
2026-09-27T03:43:43.625+00:00,-17.72,108.4
2026-09-27T03:43:44.340+00:00,-17.71,108.4
2026-09-27T03:43:45.127+00:00,-19.12,106.4
2026-09-27T03:43:45.899+00:00,-19.6,105.7
2026-09-27T03:43:46.623+00:00,-18.87,106.8
2026-09-27T03:43:47.360+00:00,-19.3,106.1
2026-09-27T03:43:48.111+00:00,-18.08,107.9
2026-09-27T03:43:48.897+00:00,-20.44,104.6
2026-09-27T03:43:49.601+00:00,-19.18,106.4
2026-09-27T03:43:50.371+00:00,-15.85,111.0
2026-09-27T03:43:51.118+00:00,-19.29,106.2
2026-09-27T03:43:51.904+00:00,-18.62,107.1
2026-09-27T03:43:52.582+00:00,-19.38,106.1
2026-09-27T03:43:53.341+00:00,-19.18,106.4
2026-09-27T03:43:54.076+00:00,-21.51,103.0
2026-09-27T03:43:54.829+00:00,-17.78,108.4
2026-09-27T03:43:55.577+00:00,-18.9,106.7
2026-09-27T03:43:56.408+00:00,-18.49,107.4
2026-09-27T03:43:57.111+00:00,-18.7,107.0
2026-09-27T03:43:57.915+00:00,-19.33,106.1
2026-09-27T03:43:58.679+00:00,-17.42,108.8
2026-09-27T03:43:59.395+00:00,-16.44,110.2
2026-09-27T03:44:00.102+00:00,-18.98,106.7
2026-09-27T03:44:00.856+00:00,-17.42,108.8
2026-09-27T03:44:01.571+00:00,-18.99,106.7
2026-09-27T03:44:02.359+00:00,-17.18,109.2
2026-09-27T03:44:03.091+00:00,-17.87,108.2
2026-09-27T03:44:03.857+00:00,-21.48,103.1
2026-09-27T03:44:04.641+00:00,-19.08,106.5
2026-09-27T03:44:05.420+00:00,-20.71,104.1
2026-09-27T03:44:06.063+00:00,-19.31,106.1
2026-09-27T03:44:06.889+00:00,-20.38,104.7
2026-09-27T03:44:07.655+00:00,-16.53,110.1
2026-09-27T03:44:08.392+00:00,-18.21,107.7
2026-09-27T03:44:09.129+00:00,-18.02,107.9
2026-09-27T03:44:09.898+00:00,-19.64,105.7
2026-09-27T03:44:10.595+00:00,-19.88,105.4
2026-09-27T03:44:11.317+00:00,-16.9,109.5
2026-09-27T03:44:12.157+00:00,-15.34,111.8
2026-09-27T03:44:12.917+00:00,-17.39,108.8
2026-09-27T03:44:13.616+00:00,-18.79,107.0
2026-09-27T03:44:14.307+00:00,-19.07,106.5
2026-09-27T03:44:15.124+00:00,-19.26,106.2
2026-09-27T03:44:15.873+00:00,-17.05,109.4
2026-09-27T03:44:16.619+00:00,-16.95,109.5
2026-09-27T03:44:17.361+00:00,-19.17,106.4
2026-09-27T03:44:18.041+00:00,-17.31,108.9
2026-09-27T03:44:18.836+00:00,-18.57,107.2
2026-09-27T03:44:19.628+00:00,-19.99,105.3
2026-09-27T03:44:20.419+00:00,-17.0,109.4
2026-09-27T03:44:21.113+00:00,-17.41,108.8
2026-09-27T03:44:21.923+00:00,-18.04,107.9
2026-09-27T03:44:22.632+00:00,-21.81,102.6
2026-09-27T03:44:23.392+00:00,-16.63,109.9
2026-09-27T03:44:24.083+00:00,-20.36,104.7
2026-09-27T03:44:24.799+00:00,-21.07,103.7
2026-09-27T03:44:25.630+00:00,-20.67,104.3
2026-09-27T03:44:26.355+00:00,-16.72,109.8
2026-09-27T03:44:27.108+00:00,-14.73,112.6
2026-09-27T03:44:27.897+00:00,-18.23,107.7
2026-09-27T03:44:28.647+00:00,-18.49,107.4
2026-09-27T03:44:29.373+00:00,-19.85,105.4
2026-09-27T03:44:30.096+00:00,-18.01,107.9
2026-09-27T03:44:30.893+00:00,-17.92,108.1
2026-09-27T03:44:31.633+00:00,-19.53,105.8
2026-09-27T03:44:32.342+00:00,-19.32,106.1
2026-09-27T03:44:33.120+00:00,-18.94,106.7
2026-09-27T03:44:33.911+00:00,-20.19,105.0
2026-09-27T03:44:34.565+00:00,-18.53,107.2
2026-09-27T03:44:35.362+00:00,-18.48,107.4
2026-09-27T03:44:36.101+00:00,-19.24,106.2
2026-09-27T03:44:36.896+00:00,-20.82,104.0
2026-09-27T03:44:37.610+00:00,-18.69,107.0
2026-09-27T03:44:38.325+00:00,-18.16,107.8
2026-09-27T03:44:39.080+00:00,-21.48,103.1
2026-09-27T03:44:39.875+00:00,-20.2,104.8
2026-09-27T03:44:40.609+00:00,-18.58,107.2
2026-09-27T03:44:41.397+00:00,-18.98,106.7
2026-09-27T03:44:42.034+00:00,-18.81,106.8
2026-09-27T03:44:42.805+00:00,-16.58,110.1
2026-09-27T03:44:43.640+00:00,-20.05,105.1
2026-09-27T03:44:44.420+00:00,-18.0,107.9
2026-09-27T03:44:45.110+00:00,-17.09,109.2
2026-09-27T03:44:45.936+00:00,-18.5,107.2
2026-09-27T03:44:46.594+00:00,-18.67,107.1
2026-09-27T03:44:47.404+00:00,-17.43,108.8
2026-09-27T03:44:48.105+00:00,-16.19,110.6
2026-09-27T03:44:48.837+00:00,-19.06,106.5
2026-09-27T03:44:49.631+00:00,-19.72,105.5
2026-09-27T03:44:50.315+00:00,-18.07,107.9
2026-09-27T03:44:51.103+00:00,-20.68,104.3
2026-09-27T03:44:51.871+00:00,-18.92,106.7
2026-09-27T03:44:52.667+00:00,-20.64,104.3
2026-09-27T03:44:53.406+00:00,-18.71,107.0
2026-09-27T03:44:54.127+00:00,-19.08,106.5
2026-09-27T03:44:54.881+00:00,-19.57,105.8
2026-09-27T03:44:55.650+00:00,-16.79,109.8
2026-09-27T03:44:56.296+00:00,-19.04,106.5
2026-09-27T03:44:57.068+00:00,-17.54,108.6
2026-09-27T03:44:57.924+00:00,-16.97,109.5
2026-09-27T03:44:58.600+00:00,-19.29,106.2
2026-09-27T03:44:59.317+00:00,-18.63,107.1
2026-09-27T03:45:00.128+00:00,-19.56,105.8
2026-09-27T03:45:00.889+00:00,-18.15,107.8
2026-09-27T03:45:01.622+00:00,-19.25,106.2
2026-09-27T03:45:02.319+00:00,-19.72,105.5
2026-09-27T03:45:03.117+00:00,-15.23,111.9
2026-09-27T03:45:03.872+00:00,-16.95,109.5
2026-09-27T03:45:04.558+00:00,-15.64,111.3
2026-09-27T03:45:05.416+00:00,-17.48,108.8
2026-09-27T03:45:06.092+00:00,-19.7,105.5
2026-09-27T03:45:06.812+00:00,-19.38,106.1
2026-09-27T03:45:07.582+00:00,-19.88,105.4
2026-09-27T03:45:08.409+00:00,-18.13,107.8
2026-09-27T03:45:09.107+00:00,-20.42,104.6
2026-09-27T03:45:09.895+00:00,-18.67,107.1
2026-09-27T03:45:10.617+00:00,-19.04,106.5
2026-09-27T03:45:11.418+00:00,-20.84,104.0
2026-09-27T03:45:12.081+00:00,-16.61,109.9
2026-09-27T03:45:12.838+00:00,-18.32,107.5
2026-09-27T03:45:13.676+00:00,-20.14,105.0
2026-09-27T03:45:14.299+00:00,-17.32,108.9
2026-09-27T03:45:15.098+00:00,-20.95,103.8
2026-09-27T03:45:15.893+00:00,-18.29,107.7
2026-09-27T03:45:16.668+00:00,-19.68,105.7
2026-09-27T03:45:17.409+00:00,-19.97,105.3
2026-09-27T03:45:18.088+00:00,-19.88,105.4
2026-09-27T03:45:18.851+00:00,-21.53,103.0
2026-09-27T03:45:19.650+00:00,-16.94,109.5
2026-09-27T03:45:20.321+00:00,-20.82,104.0
2026-09-27T03:45:21.098+00:00,-19.17,106.4
2026-09-27T03:45:21.877+00:00,-20.04,105.1
2026-09-27T03:45:22.645+00:00,-20.37,104.7
2026-09-27T03:45:23.316+00:00,-18.31,107.5
2026-09-27T03:45:24.077+00:00,-18.6,107.1
2026-09-27T03:45:24.884+00:00,-17.83,108.2
2026-09-27T03:45:25.614+00:00,-19.0,106.5
2026-09-27T03:45:26.325+00:00,-18.07,107.9
2026-09-27T03:45:27.092+00:00,-20.18,105.0
2026-09-27T03:45:27.916+00:00,-19.43,106.0
2026-09-27T03:45:28.637+00:00,-16.79,109.8
2026-09-27T03:45:29.353+00:00,-19.3,106.1
2026-09-27T03:45:30.063+00:00,-18.96,106.7
2026-09-27T03:45:30.797+00:00,-17.2,109.1
2026-09-27T03:45:31.628+00:00,-17.64,108.5
2026-09-27T03:45:32.341+00:00,-19.08,106.5
2026-09-27T03:45:33.105+00:00,-21.19,103.6
2026-09-27T03:45:33.804+00:00,-17.61,108.5
2026-09-27T03:45:34.514+00:00,-18.55,107.2
2026-09-27T03:45:35.352+00:00,-20.03,105.1
2026-09-27T03:45:36.111+00:00,-17.38,108.9
2026-09-27T03:45:36.873+00:00,-18.54,107.2
2026-09-27T03:45:37.655+00:00,-16.85,109.6
2026-09-27T03:45:38.341+00:00,-19.13,106.4
2026-09-27T03:45:39.096+00:00,-19.6,105.7
2026-09-27T03:45:39.869+00:00,-17.15,109.2
2026-09-27T03:45:40.597+00:00,-21.42,103.1
2026-09-27T03:45:41.350+00:00,-16.75,109.8
2026-09-27T03:45:42.011+00:00,-17.95,108.1
2026-09-27T03:45:42.839+00:00,-17.78,108.4
2026-09-27T03:45:43.605+00:00,-15.87,111.0
2026-09-27T03:45:44.356+00:00,-17.73,108.4
2026-09-27T03:45:45.129+00:00,-17.5,108.6
2026-09-27T03:45:45.922+00:00,-18.79,107.0
2026-09-27T03:45:46.579+00:00,-17.95,108.1
2026-09-27T03:45:47.326+00:00,-17.29,109.1
2026-09-27T03:45:48.001+00:00,-19.93,105.3
2026-09-27T03:45:48.778+00:00,-17.47,108.8
2026-09-27T03:45:49.592+00:00,-20.49,104.6
2026-09-27T03:45:50.313+00:00,-17.48,108.8
2026-09-27T03:45:51.079+00:00,-18.08,107.9
2026-09-27T03:45:51.866+00:00,-20.43,104.6
2026-09-27T03:45:52.633+00:00,-19.45,106.0
2026-09-27T03:45:53.381+00:00,-17.68,108.5
2026-09-27T03:45:54.100+00:00,-17.88,108.2
2026-09-27T03:45:54.862+00:00,-17.87,108.2
2026-09-27T03:45:55.631+00:00,-13.24,114.7
2026-09-27T03:45:56.325+00:00,-14.22,113.3
2026-09-27T03:45:57.113+00:00,-18.64,107.1
2026-09-27T03:45:57.880+00:00,-19.26,106.2
2026-09-27T03:45:58.529+00:00,-19.32,106.1
2026-09-27T03:45:59.321+00:00,-21.92,102.4
2026-09-27T03:46:00.092+00:00,-19.22,106.2
2026-09-27T03:46:00.809+00:00,-17.52,108.6
2026-09-27T03:46:01.621+00:00,-18.75,107.0
2026-09-27T03:46:02.328+00:00,-17.59,108.5
2026-09-27T03:46:03.095+00:00,-20.21,104.8
2026-09-27T03:46:03.881+00:00,-17.48,108.8
2026-09-27T03:46:04.538+00:00,-19.13,106.4
2026-09-27T03:46:05.374+00:00,-18.06,107.9
2026-09-27T03:46:06.011+00:00,-20.1,105.0
2026-09-27T03:46:06.783+00:00,-18.03,107.9
2026-09-27T03:46:07.598+00:00,-19.65,105.7
2026-09-27T03:46:08.316+00:00,-19.11,106.4
2026-09-27T03:46:09.112+00:00,-16.08,110.8
2026-09-27T03:46:09.869+00:00,-17.3,108.9
2026-09-27T03:46:10.622+00:00,-19.43,106.0
2026-09-27T03:46:11.317+00:00,-18.63,107.1
2026-09-27T03:46:12.045+00:00,-19.31,106.1
2026-09-27T03:46:12.810+00:00,-16.19,110.6
2026-09-27T03:46:13.627+00:00,-19.6,105.7
2026-09-27T03:46:14.315+00:00,-18.94,106.7
2026-09-27T03:46:15.074+00:00,-20.31,104.7
2026-09-27T03:46:15.837+00:00,-20.83,104.0
2026-09-27T03:46:16.627+00:00,-18.5,107.2
2026-09-27T03:46:17.402+00:00,-15.97,110.9
2026-09-27T03:46:18.087+00:00,-17.3,108.9
2026-09-27T03:46:18.850+00:00,-17.85,108.2
2026-09-27T03:46:19.622+00:00,-19.71,105.5
2026-09-27T03:46:20.265+00:00,-18.36,107.5
2026-09-27T03:46:21.116+00:00,-20.15,105.0
2026-09-27T03:46:21.829+00:00,-18.47,107.4
2026-09-27T03:46:22.525+00:00,-21.1,103.6
2026-09-27T03:46:23.366+00:00,-19.98,105.3
2026-09-27T03:46:24.124+00:00,-20.09,105.0
2026-09-27T03:46:24.834+00:00,-20.55,104.4
2026-09-27T03:46:25.622+00:00,-18.76,107.0
2026-09-27T03:46:26.277+00:00,-19.36,106.1
2026-09-27T03:46:27.100+00:00,-20.84,104.0
2026-09-27T03:46:27.868+00:00,-16.17,110.6
2026-09-27T03:46:28.579+00:00,-20.74,104.1
2026-09-27T03:46:29.349+00:00,-15.56,111.5
2026-09-27T03:46:30.025+00:00,-19.28,106.2
2026-09-27T03:46:30.793+00:00,-19.43,106.0
2026-09-27T03:46:31.592+00:00,-16.13,110.6
2026-09-27T03:46:32.325+00:00,-20.47,104.6
2026-09-27T03:46:33.142+00:00,-19.58,105.8
2026-09-27T03:46:33.875+00:00,-19.08,106.5
2026-09-27T03:46:34.601+00:00,-21.71,102.7
2026-09-27T03:46:35.483+00:00,-20.31,104.7
2026-09-27T03:46:36.062+00:00,-19.77,105.5
2026-09-27T03:46:36.830+00:00,-18.85,106.8
2026-09-27T03:46:37.611+00:00,-20.24,104.8
2026-09-27T03:46:38.350+00:00,-18.69,107.0
2026-09-27T03:46:39.076+00:00,-17.58,108.6
2026-09-27T03:46:39.846+00:00,-16.75,109.8
2026-09-27T03:46:40.570+00:00,-16.14,110.6
2026-09-27T03:46:41.365+00:00,-18.16,107.8
2026-09-27T03:46:42.105+00:00,-20.33,104.7
2026-09-27T03:46:42.817+00:00,-18.97,106.7
2026-09-27T03:46:43.591+00:00,-18.4,107.4
2026-09-27T03:46:44.345+00:00,-18.91,106.7
2026-09-27T03:46:45.133+00:00,-15.35,111.8
2026-09-27T03:46:45.813+00:00,-17.93,108.1
2026-09-27T03:46:46.588+00:00,-16.29,110.5
2026-09-27T03:46:47.271+00:00,-20.26,104.8
2026-09-27T03:46:48.123+00:00,-20.55,104.4
2026-09-27T03:46:48.843+00:00,-19.26,106.2
2026-09-27T03:46:49.597+00:00,-18.4,107.4
2026-09-27T03:46:50.278+00:00,-19.53,105.8
2026-09-27T03:46:51.096+00:00,-18.47,107.4
2026-09-27T03:46:51.867+00:00,-19.94,105.3
2026-09-27T03:46:52.599+00:00,-18.31,107.5
2026-09-27T03:46:53.338+00:00,-15.84,111.0
2026-09-27T03:46:54.074+00:00,-17.9,108.1
2026-09-27T03:46:54.831+00:00,-19.43,106.0
2026-09-27T03:46:55.595+00:00,-17.33,108.9
2026-09-27T03:46:56.355+00:00,-16.01,110.8
2026-09-27T03:46:57.127+00:00,-19.08,106.5
2026-09-27T03:46:57.922+00:00,-18.97,106.7
2026-09-27T03:46:58.617+00:00,-19.26,106.2
2026-09-27T03:46:59.361+00:00,-18.19,107.8
2026-09-27T03:47:00.087+00:00,-19.09,106.4
2026-09-27T03:47:00.762+00:00,-19.72,105.5
2026-09-27T03:47:01.634+00:00,-17.32,108.9
2026-09-27T03:47:02.296+00:00,-19.28,106.2
2026-09-27T03:47:03.062+00:00,-20.21,104.8
2026-09-27T03:47:03.854+00:00,-17.95,108.1
2026-09-27T03:47:04.646+00:00,-19.66,105.7
2026-09-27T03:47:05.498+00:00,-18.35,107.5
2026-09-27T03:47:06.047+00:00,-19.72,105.5
2026-09-27T03:47:06.813+00:00,-17.84,108.2
2026-09-27T03:47:07.608+00:00,-19.7,105.5
2026-09-27T03:47:08.273+00:00,-18.68,107.1
2026-09-27T03:47:09.070+00:00,-17.99,108.1
2026-09-27T03:47:09.878+00:00,-19.0,106.5
2026-09-27T03:47:10.562+00:00,-17.34,108.9
2026-09-27T03:47:11.316+00:00,-18.07,107.9
2026-09-27T03:47:12.108+00:00,-20.3,104.7
2026-09-27T03:47:12.815+00:00,-18.87,106.8
2026-09-27T03:47:13.610+00:00,-18.94,106.7
2026-09-27T03:47:14.311+00:00,-19.37,106.1
2026-09-27T03:47:15.137+00:00,-20.77,104.1
2026-09-27T03:47:15.886+00:00,-19.01,106.5
2026-09-27T03:47:16.544+00:00,-19.37,106.1
2026-09-27T03:47:17.302+00:00,-19.53,105.8
2026-09-27T03:47:18.014+00:00,-19.56,105.8
2026-09-27T03:47:18.824+00:00,-17.85,108.2
2026-09-27T03:47:19.634+00:00,-19.74,105.5
2026-09-27T03:47:20.363+00:00,-17.86,108.2
2026-09-27T03:47:21.142+00:00,-17.52,108.6
2026-09-27T03:47:21.875+00:00,-17.64,108.5
2026-09-27T03:47:22.629+00:00,-16.51,110.1
2026-09-27T03:47:23.362+00:00,-19.81,105.4
2026-09-27T03:47:24.057+00:00,-17.58,108.6
2026-09-27T03:47:24.775+00:00,-17.43,108.8
2026-09-27T03:47:25.602+00:00,-15.86,111.0
2026-09-27T03:47:26.308+00:00,-17.75,108.4
2026-09-27T03:47:27.019+00:00,-14.04,113.6
2026-09-27T03:47:27.851+00:00,-17.41,108.8
2026-09-27T03:47:28.610+00:00,-13.64,114.2
2026-09-27T03:47:29.393+00:00,-19.77,105.5
2026-09-27T03:47:30.105+00:00,-20.31,104.7
2026-09-27T03:47:30.839+00:00,-17.71,108.4
2026-09-27T03:47:31.572+00:00,-17.17,109.2
2026-09-27T03:47:32.302+00:00,-18.89,106.7
2026-09-27T03:47:33.080+00:00,-19.44,106.0
2026-09-27T03:47:33.814+00:00,-20.26,104.8
2026-09-27T03:47:34.577+00:00,-17.22,109.1
2026-09-27T03:47:35.323+00:00,-19.24,106.2
2026-09-27T03:47:36.131+00:00,-18.98,106.7
2026-09-27T03:47:36.837+00:00,-18.54,107.2
2026-09-27T03:47:37.641+00:00,-20.09,105.0
2026-09-27T03:47:38.281+00:00,-17.66,108.5
2026-09-27T03:47:39.121+00:00,-19.88,105.4
2026-09-27T03:47:39.821+00:00,-18.12,107.8
2026-09-27T03:47:40.573+00:00,-16.48,110.2
2026-09-27T03:47:41.309+00:00,-17.58,108.6
2026-09-27T03:47:42.025+00:00,-17.24,109.1
2026-09-27T03:47:42.797+00:00,-18.08,107.9
2026-09-27T03:47:43.591+00:00,-18.18,107.8
2026-09-27T03:47:44.339+00:00,-20.15,105.0
2026-09-27T03:47:45.116+00:00,-18.93,106.7
2026-09-27T03:47:45.902+00:00,-21.16,103.6
2026-09-27T03:47:46.607+00:00,-18.12,107.8
2026-09-27T03:47:47.332+00:00,-17.95,108.1
2026-09-27T03:47:48.011+00:00,-21.4,103.1
2026-09-27T03:47:48.862+00:00,-16.81,109.6
2026-09-27T03:47:49.622+00:00,-17.67,108.5
2026-09-27T03:47:50.302+00:00,-21.02,103.7
2026-09-27T03:47:51.075+00:00,-18.53,107.2
2026-09-27T03:47:51.852+00:00,-17.18,109.2
2026-09-27T03:47:52.605+00:00,-17.4,108.8
2026-09-27T03:47:53.375+00:00,-21.64,102.9
2026-09-27T03:47:54.034+00:00,-17.13,109.2
2026-09-27T03:47:54.866+00:00,-20.29,104.8
2026-09-27T03:47:55.612+00:00,-20.28,104.8
2026-09-27T03:47:56.352+00:00,-19.57,105.8
2026-09-27T03:47:57.159+00:00,-19.97,105.3
2026-09-27T03:47:57.858+00:00,-18.57,107.2
2026-09-27T03:47:58.552+00:00,-20.99,103.8
2026-09-27T03:47:59.263+00:00,-19.0,106.5
2026-09-27T03:48:00.123+00:00,-18.01,107.9
2026-09-27T03:48:00.857+00:00,-19.48,106.0
2026-09-27T03:48:01.632+00:00,-17.42,108.8
2026-09-27T03:48:02.309+00:00,-19.8,105.4
2026-09-27T03:48:03.099+00:00,-21.25,103.4
2026-09-27T03:48:03.832+00:00,-20.3,104.7
2026-09-27T03:48:04.616+00:00,-19.7,105.5
2026-09-27T03:48:05.385+00:00,-16.67,109.9
2026-09-27T03:48:06.034+00:00,-19.28,106.2
2026-09-27T03:48:06.811+00:00,-18.75,107.0
2026-09-27T03:48:07.603+00:00,-18.72,107.0
2026-09-27T03:48:08.351+00:00,-19.0,106.5
2026-09-27T03:48:09.123+00:00,-18.19,107.8
2026-09-27T03:48:09.895+00:00,-18.15,107.8
2026-09-27T03:48:10.616+00:00,-20.22,104.8
2026-09-27T03:48:11.371+00:00,-17.95,108.1
2026-09-27T03:48:12.027+00:00,-19.55,105.8
2026-09-27T03:48:12.822+00:00,-17.28,109.1
2026-09-27T03:48:13.609+00:00,-18.43,107.4
2026-09-27T03:48:14.288+00:00,-20.3,104.7
2026-09-27T03:48:15.009+00:00,-18.47,107.4
2026-09-27T03:48:15.852+00:00,-19.81,105.4
2026-09-27T03:48:16.601+00:00,-20.0,105.1
2026-09-27T03:48:17.394+00:00,-18.42,107.4
2026-09-27T03:48:18.046+00:00,-16.3,110.3
2026-09-27T03:48:18.836+00:00,-15.06,112.2
2026-09-27T03:48:19.597+00:00,-17.83,108.2
2026-09-27T03:48:20.272+00:00,-16.16,110.6
2026-09-27T03:48:21.118+00:00,-18.68,107.1
2026-09-27T03:48:21.840+00:00,-20.38,104.7
2026-09-27T03:48:22.505+00:00,-18.58,107.2
2026-09-27T03:48:23.289+00:00,-19.29,106.2
2026-09-27T03:48:24.096+00:00,-18.54,107.2
2026-09-27T03:48:24.871+00:00,-19.35,106.1
2026-09-27T03:48:25.635+00:00,-21.58,103.0
2026-09-27T03:48:26.302+00:00,-18.43,107.4
2026-09-27T03:48:27.103+00:00,-18.03,107.9
2026-09-27T03:48:27.861+00:00,-15.74,111.2
2026-09-27T03:48:28.580+00:00,-17.72,108.4
2026-09-27T03:48:29.325+00:00,-20.58,104.4
2026-09-27T03:48:30.021+00:00,-18.8,106.8
2026-09-27T03:48:30.805+00:00,-17.1,109.2
2026-09-27T03:48:31.622+00:00,-18.6,107.1
2026-09-27T03:48:32.352+00:00,-15.36,111.8
2026-09-27T03:48:33.143+00:00,-18.19,107.8
2026-09-27T03:48:33.905+00:00,-17.86,108.2
2026-09-27T03:48:34.618+00:00,-16.91,109.5
2026-09-27T03:48:35.362+00:00,-18.17,107.8
2026-09-27T03:48:36.034+00:00,-19.88,105.4
2026-09-27T03:48:36.806+00:00,-17.52,108.6
2026-09-27T03:48:37.605+00:00,-20.03,105.1
2026-09-27T03:48:38.316+00:00,-18.2,107.7
2026-09-27T03:48:39.059+00:00,-17.27,109.1
2026-09-27T03:48:39.790+00:00,-20.0,105.1
2026-09-27T03:48:40.561+00:00,-17.32,108.9
2026-09-27T03:48:41.376+00:00,-19.01,106.5
2026-09-27T03:48:42.075+00:00,-18.84,106.8
2026-09-27T03:48:42.840+00:00,-19.78,105.5
2026-09-27T03:48:43.612+00:00,-17.98,108.1
2026-09-27T03:48:44.271+00:00,-21.85,102.6
2026-09-27T03:48:45.140+00:00,-19.27,106.2
2026-09-27T03:48:45.898+00:00,-20.29,104.8
2026-09-27T03:48:46.518+00:00,-16.93,109.5
2026-09-27T03:48:47.318+00:00,-20.81,104.0
2026-09-27T03:48:48.123+00:00,-19.15,106.4
2026-09-27T03:48:48.812+00:00,-19.87,105.4
2026-09-27T03:48:49.580+00:00,-19.32,106.1
2026-09-27T03:48:50.279+00:00,-20.27,104.8
2026-09-27T03:48:51.096+00:00,-17.48,108.8
2026-09-27T03:48:51.844+00:00,-22.86,101.2
2026-09-27T03:48:52.561+00:00,-19.12,106.4
2026-09-27T03:48:53.355+00:00,-18.61,107.1
2026-09-27T03:48:54.050+00:00,-19.85,105.4
2026-09-27T03:48:54.782+00:00,-19.52,105.8
2026-09-27T03:48:55.640+00:00,-17.32,108.9
2026-09-27T03:48:56.326+00:00,-17.97,108.1
2026-09-27T03:48:57.135+00:00,-22.96,101.0
2026-09-27T03:48:57.914+00:00,-17.14,109.2
2026-09-27T03:48:58.606+00:00,-19.15,106.4
2026-09-27T03:48:59.390+00:00,-19.26,106.2
2026-09-27T03:49:00.010+00:00,-18.92,106.7
2026-09-27T03:49:00.818+00:00,-19.81,105.4
2026-09-27T03:49:01.602+00:00,-19.57,105.8
2026-09-27T03:49:02.295+00:00,-19.85,105.4
2026-09-27T03:49:03.007+00:00,-19.41,106.0
2026-09-27T03:49:03.799+00:00,-18.68,107.1
2026-09-27T03:49:04.597+00:00,-21.56,103.0
2026-09-27T03:49:05.369+00:00,-17.37,108.9
2026-09-27T03:49:06.100+00:00,-18.5,107.2
2026-09-27T03:49:06.887+00:00,-18.74,107.0
2026-09-27T03:49:07.583+00:00,-20.59,104.3
2026-09-27T03:49:08.313+00:00,-18.55,107.2
2026-09-27T03:49:09.102+00:00,-19.24,106.2
2026-09-27T03:49:09.847+00:00,-21.48,103.1
2026-09-27T03:49:10.581+00:00,-19.6,105.7
2026-09-27T03:49:11.342+00:00,-21.05,103.7
2026-09-27T03:49:12.085+00:00,-20.44,104.6
2026-09-27T03:49:12.830+00:00,-17.63,108.5
2026-09-27T03:49:13.633+00:00,-19.06,106.5
2026-09-27T03:49:14.327+00:00,-18.11,107.8
2026-09-27T03:49:15.146+00:00,-15.64,111.3
2026-09-27T03:49:15.880+00:00,-17.03,109.4
2026-09-27T03:49:16.581+00:00,-18.55,107.2
2026-09-27T03:49:17.341+00:00,-16.19,110.6
2026-09-27T03:49:18.011+00:00,-17.65,108.5
2026-09-27T03:49:18.847+00:00,-19.76,105.5
2026-09-27T03:49:19.650+00:00,-18.15,107.8
2026-09-27T03:49:20.335+00:00,-18.41,107.4
2026-09-27T03:49:21.077+00:00,-20.05,105.1
2026-09-27T03:49:21.875+00:00,-19.75,105.5
2026-09-27T03:49:22.616+00:00,-17.55,108.6
2026-09-27T03:49:23.347+00:00,-18.69,107.0
2026-09-27T03:49:24.022+00:00,-18.32,107.5
2026-09-27T03:49:24.846+00:00,-21.1,103.6
2026-09-27T03:49:25.603+00:00,-16.57,110.1
2026-09-27T03:49:26.316+00:00,-17.48,108.8
2026-09-27T03:49:27.032+00:00,-20.45,104.6
2026-09-27T03:49:27.786+00:00,-20.03,105.1
2026-09-27T03:49:28.614+00:00,-23.32,100.5
2026-09-27T03:49:29.366+00:00,-15.88,111.0
2026-09-27T03:49:30.099+00:00,-18.8,106.8
2026-09-27T03:49:30.860+00:00,-19.59,105.7
2026-09-27T03:49:31.578+00:00,-18.82,106.8
2026-09-27T03:49:32.305+00:00,-21.04,103.7
2026-09-27T03:49:33.094+00:00,-19.16,106.4
2026-09-27T03:49:33.895+00:00,-22.03,102.3
2026-09-27T03:49:34.548+00:00,-17.6,108.5
2026-09-27T03:49:35.340+00:00,-18.95,106.7
2026-09-27T03:49:36.119+00:00,-19.87,105.4
2026-09-27T03:49:36.816+00:00,-19.12,106.4
2026-09-27T03:49:37.669+00:00,-20.5,104.4
2026-09-27T03:49:38.347+00:00,-19.24,106.2
2026-09-27T03:49:39.100+00:00,-19.58,105.8
2026-09-27T03:49:39.865+00:00,-17.27,109.1
2026-09-27T03:49:40.544+00:00,-15.89,110.9
2026-09-27T03:49:41.329+00:00,-18.4,107.4
2026-09-27T03:49:42.051+00:00,-15.52,111.5
2026-09-27T03:49:42.794+00:00,-19.73,105.5
2026-09-27T03:49:43.585+00:00,-19.0,106.5
2026-09-27T03:49:44.365+00:00,-18.52,107.2
2026-09-27T03:49:45.110+00:00,-21.43,103.1
2026-09-27T03:49:45.911+00:00,-19.54,105.8
2026-09-27T03:49:46.657+00:00,-20.0,105.1
2026-09-27T03:49:47.336+00:00,-17.66,108.5
2026-09-27T03:49:48.013+00:00,-17.69,108.4
2026-09-27T03:49:48.807+00:00,-19.57,105.8
2026-09-27T03:49:49.600+00:00,-16.57,110.1
2026-09-27T03:49:50.317+00:00,-21.84,102.6
2026-09-27T03:49:51.023+00:00,-18.03,107.9
2026-09-27T03:49:51.829+00:00,-18.26,107.7
2026-09-27T03:49:52.615+00:00,-17.53,108.6
2026-09-27T03:49:53.388+00:00,-18.75,107.0
2026-09-27T03:49:54.066+00:00,-19.57,105.8
2026-09-27T03:49:54.832+00:00,-19.14,106.4
2026-09-27T03:49:55.623+00:00,-19.52,105.8
2026-09-27T03:49:56.306+00:00,-20.38,104.7
2026-09-27T03:49:57.083+00:00,-16.75,109.8
2026-09-27T03:49:57.826+00:00,-20.58,104.4
2026-09-27T03:49:58.526+00:00,-21.57,103.0
2026-09-27T03:49:59.336+00:00,-20.45,104.6
2026-09-27T03:50:00.134+00:00,-17.63,108.5
2026-09-27T03:50:00.882+00:00,-18.52,107.2
2026-09-27T03:50:01.640+00:00,-20.81,104.0
2026-09-27T03:50:02.311+00:00,-19.46,106.0
2026-09-27T03:50:03.119+00:00,-19.81,105.4
2026-09-27T03:50:03.853+00:00,-19.56,105.8
2026-09-27T03:50:04.568+00:00,-20.02,105.1
2026-09-27T03:50:05.314+00:00,-17.94,108.1
2026-09-27T03:50:06.074+00:00,-18.84,106.8
2026-09-27T03:50:06.798+00:00,-21.09,103.6
2026-09-27T03:50:07.602+00:00,-19.61,105.7
2026-09-27T03:50:08.335+00:00,-19.31,106.1
2026-09-27T03:50:09.035+00:00,-19.49,106.0
2026-09-27T03:50:09.910+00:00,-20.37,104.7
2026-09-27T03:50:10.485+00:00,-21.48,103.1
2026-09-27T03:50:11.304+00:00,-18.73,107.0
2026-09-27T03:50:12.083+00:00,-17.15,109.2
2026-09-27T03:50:12.870+00:00,-18.88,106.8
2026-09-27T03:50:13.631+00:00,-18.76,107.0
2026-09-27T03:50:14.308+00:00,-20.6,104.3
2026-09-27T03:50:15.050+00:00,-20.17,105.0
2026-09-27T03:50:15.772+00:00,-19.75,105.5
2026-09-27T03:50:16.569+00:00,-18.6,107.1
2026-09-27T03:50:17.319+00:00,-20.31,104.7
2026-09-27T03:50:18.003+00:00,-20.26,104.8
2026-09-27T03:50:18.796+00:00,-17.0,109.4
2026-09-27T03:50:19.504+00:00,-19.01,106.5
2026-09-27T03:50:20.279+00:00,-18.86,106.8
2026-09-27T03:50:21.099+00:00,-18.3,107.5
2026-09-27T03:50:21.819+00:00,-19.91,105.3
2026-09-27T03:50:22.595+00:00,-19.17,106.4
2026-09-27T03:50:23.279+00:00,-21.49,103.1
2026-09-27T03:50:24.003+00:00,-18.76,107.0
2026-09-27T03:50:24.820+00:00,-19.49,106.0
2026-09-27T03:50:25.674+00:00,-19.34,106.1
2026-09-27T03:50:26.211+00:00,-18.17,107.8
2026-09-27T03:50:27.005+00:00,-19.24,106.2
2026-09-27T03:50:27.804+00:00,-19.81,105.4
2026-09-27T03:50:28.560+00:00,-19.3,106.1
2026-09-27T03:50:29.304+00:00,-19.88,105.4
2026-09-27T03:50:30.009+00:00,-17.44,108.8
2026-09-27T03:50:30.836+00:00,-19.33,106.1
2026-09-27T03:50:31.603+00:00,-20.27,104.8
2026-09-27T03:50:32.298+00:00,-19.52,105.8
2026-09-27T03:50:33.066+00:00,-20.06,105.1
2026-09-27T03:50:33.838+00:00,-18.25,107.7
2026-09-27T03:50:34.519+00:00,-18.18,107.8
2026-09-27T03:50:35.335+00:00,-18.84,106.8
2026-09-27T03:50:36.036+00:00,-16.74,109.8
2026-09-27T03:50:36.828+00:00,-14.78,112.6
2026-09-27T03:50:37.621+00:00,-18.77,107.0
2026-09-27T03:50:38.309+00:00,-19.21,106.2
2026-09-27T03:50:39.015+00:00,-21.44,103.1
2026-09-27T03:50:39.785+00:00,-17.99,108.1
2026-09-27T03:50:40.564+00:00,-19.4,106.0
2026-09-27T03:50:41.291+00:00,-17.24,109.1
2026-09-27T03:50:42.011+00:00,-19.3,106.1
2026-09-27T03:50:42.823+00:00,-16.46,110.2
2026-09-27T03:50:43.596+00:00,-16.1,110.6
2026-09-27T03:50:44.283+00:00,-21.53,103.0
2026-09-27T03:50:45.088+00:00,-20.25,104.8
2026-09-27T03:50:45.820+00:00,-20.61,104.3
2026-09-27T03:50:46.568+00:00,-19.81,105.4
2026-09-27T03:50:47.333+00:00,-14.27,113.3
2026-09-27T03:50:48.030+00:00,-19.41,106.0
2026-09-27T03:50:48.760+00:00,-19.36,106.1
2026-09-27T03:50:49.567+00:00,-21.11,103.6
2026-09-27T03:50:50.273+00:00,-18.52,107.2
2026-09-27T03:50:50.992+00:00,-16.92,109.5
2026-09-27T03:50:51.813+00:00,-15.73,111.2
2026-09-27T03:50:52.511+00:00,-17.03,109.4
2026-09-27T03:50:53.304+00:00,-20.69,104.1
2026-09-27T03:50:54.060+00:00,-20.12,105.0
2026-09-27T03:50:54.858+00:00,-21.11,103.6
2026-09-27T03:50:55.599+00:00,-18.25,107.7
2026-09-27T03:50:56.300+00:00,-19.84,105.4
2026-09-27T03:50:57.077+00:00,-18.59,107.1
2026-09-27T03:50:57.810+00:00,-19.37,106.1
2026-09-27T03:50:58.535+00:00,-20.12,105.0
2026-09-27T03:50:59.311+00:00,-20.12,105.0
2026-09-27T03:51:00.037+00:00,-18.77,107.0
2026-09-27T03:51:00.796+00:00,-21.1,103.6
2026-09-27T03:51:01.598+00:00,-17.87,108.2
2026-09-27T03:51:02.297+00:00,-18.1,107.8
2026-09-27T03:51:03.028+00:00,-19.73,105.5
2026-09-27T03:51:03.829+00:00,-19.5,105.8
2026-09-27T03:51:04.587+00:00,-18.42,107.4
2026-09-27T03:51:05.336+00:00,-17.34,108.9
2026-09-27T03:51:05.997+00:00,-19.87,105.4
2026-09-27T03:51:06.798+00:00,-19.01,106.5
2026-09-27T03:51:07.525+00:00,-19.59,105.7
2026-09-27T03:51:08.280+00:00,-16.72,109.8
2026-09-27T03:51:09.111+00:00,-19.0,106.5
2026-09-27T03:51:09.884+00:00,-19.16,106.4
2026-09-27T03:51:10.580+00:00,-19.64,105.7
2026-09-27T03:51:11.329+00:00,-17.56,108.6
2026-09-27T03:51:12.035+00:00,-19.74,105.5
2026-09-27T03:51:12.831+00:00,-18.83,106.8
2026-09-27T03:51:13.540+00:00,-20.3,104.7
2026-09-27T03:51:14.283+00:00,-19.35,106.1
2026-09-27T03:51:15.033+00:00,-17.39,108.8
2026-09-27T03:51:15.822+00:00,-18.83,106.8
2026-09-27T03:51:16.546+00:00,-17.5,108.6
2026-09-27T03:51:17.348+00:00,-18.75,107.0
2026-09-27T03:51:18.037+00:00,-16.22,110.5
2026-09-27T03:51:18.830+00:00,-17.79,108.4
2026-09-27T03:51:19.572+00:00,-19.36,106.1
2026-09-27T03:51:20.303+00:00,-19.53,105.8
2026-09-27T03:51:21.053+00:00,-17.92,108.1
2026-09-27T03:51:21.852+00:00,-20.77,104.1
2026-09-27T03:51:22.553+00:00,-18.82,106.8
2026-09-27T03:51:23.307+00:00,-19.04,106.5
2026-09-27T03:51:24.024+00:00,-19.1,106.4
2026-09-27T03:51:24.833+00:00,-19.12,106.4
2026-09-27T03:51:25.618+00:00,-18.8,106.8
2026-09-27T03:51:26.338+00:00,-20.58,104.4
2026-09-27T03:51:27.071+00:00,-19.2,106.2
2026-09-27T03:51:27.801+00:00,-18.72,107.0
2026-09-27T03:51:28.502+00:00,-19.46,106.0
2026-09-27T03:51:29.323+00:00,-19.19,106.4
2026-09-27T03:51:30.035+00:00,-19.25,106.2
2026-09-27T03:51:30.804+00:00,-22.18,102.2
2026-09-27T03:51:31.543+00:00,-18.09,107.8
2026-09-27T03:51:32.345+00:00,-16.63,109.9
2026-09-27T03:51:33.130+00:00,-18.54,107.2
2026-09-27T03:51:33.864+00:00,-16.05,110.8
2026-09-27T03:51:34.532+00:00,-20.39,104.6
2026-09-27T03:51:35.383+00:00,-18.94,106.7
2026-09-27T03:51:36.000+00:00,-19.79,105.5
2026-09-27T03:51:36.789+00:00,-18.96,106.7
2026-09-27T03:51:37.535+00:00,-17.6,108.5
2026-09-27T03:51:38.228+00:00,-19.37,106.1
2026-09-27T03:51:39.005+00:00,-16.38,110.3
2026-09-27T03:51:39.781+00:00,-18.19,107.8
2026-09-27T03:51:40.512+00:00,-20.02,105.1
2026-09-27T03:51:41.373+00:00,-20.04,105.1
2026-09-27T03:51:42.021+00:00,-21.0,103.7
2026-09-27T03:51:42.813+00:00,-17.75,108.4
2026-09-27T03:51:43.586+00:00,-15.96,110.9
2026-09-27T03:51:44.305+00:00,-18.23,107.7
2026-09-27T03:51:45.017+00:00,-20.8,104.0
2026-09-27T03:51:45.770+00:00,-19.48,106.0
2026-09-27T03:51:46.498+00:00,-19.61,105.7
2026-09-27T03:51:47.316+00:00,-18.09,107.8
2026-09-27T03:51:48.018+00:00,-18.42,107.4
2026-09-27T03:51:48.856+00:00,-19.75,105.5
2026-09-27T03:51:49.611+00:00,-19.93,105.3
2026-09-27T03:51:50.281+00:00,-18.37,107.5
2026-09-27T03:51:51.035+00:00,-19.29,106.2
2026-09-27T03:51:51.824+00:00,-19.36,106.1
2026-09-27T03:51:52.494+00:00,-16.1,110.6
2026-09-27T03:51:53.277+00:00,-17.01,109.4
2026-09-27T03:51:53.987+00:00,-17.07,109.4
2026-09-27T03:51:54.807+00:00,-19.01,106.5
2026-09-27T03:51:55.519+00:00,-20.36,104.7
2026-09-27T03:51:56.332+00:00,-17.88,108.2
2026-09-27T03:51:57.127+00:00,-20.72,104.1
2026-09-27T03:51:57.863+00:00,-18.24,107.7
2026-09-27T03:51:58.524+00:00,-18.89,106.7
2026-09-27T03:51:59.344+00:00,-19.57,105.8
2026-09-27T03:52:00.025+00:00,-19.65,105.7
2026-09-27T03:52:00.787+00:00,-17.4,108.8
2026-09-27T03:52:01.505+00:00,-19.79,105.5
2026-09-27T03:52:02.233+00:00,-18.93,106.7
2026-09-27T03:52:03.048+00:00,-18.93,106.7
2026-09-27T03:52:03.806+00:00,-19.19,106.4
2026-09-27T03:52:04.523+00:00,-19.11,106.4
2026-09-27T03:52:05.392+00:00,-20.18,105.0
2026-09-27T03:52:06.025+00:00,-16.68,109.9
2026-09-27T03:52:06.817+00:00,-18.62,107.1
2026-09-27T03:52:07.621+00:00,-20.42,104.6
2026-09-27T03:52:08.333+00:00,-17.36,108.9
2026-09-27T03:52:09.081+00:00,-17.74,108.4
2026-09-27T03:52:09.816+00:00,-18.97,106.7
2026-09-27T03:52:10.529+00:00,-18.45,107.4
2026-09-27T03:52:11.292+00:00,-22.02,102.3
2026-09-27T03:52:12.009+00:00,-19.02,106.5
2026-09-27T03:52:12.791+00:00,-30.74,90.0
2026-09-27T03:52:13.624+00:00,-16.7,109.8
2026-09-27T03:52:14.343+00:00,-25.37,97.6
2026-09-27T03:52:15.011+00:00,-22.29,102.0
2026-09-27T03:52:15.828+00:00,-21.97,102.4
2026-09-27T03:52:16.493+00:00,-24.42,98.9
2026-09-27T03:52:17.278+00:00,-23.39,100.3
2026-09-27T03:52:18.056+00:00,-26.94,95.4
2026-09-27T03:52:18.800+00:00,-17.6,108.5
2026-09-27T03:52:19.528+00:00,-19.9,105.3
2026-09-27T03:52:20.333+00:00,-23.6,100.0
2026-09-27T03:52:21.124+00:00,-26.11,96.5
2026-09-27T03:52:21.817+00:00,-31.63,88.7
2026-09-27T03:52:22.534+00:00,-27.52,94.5
2026-09-27T03:52:23.316+00:00,-18.28,107.7
2026-09-27T03:52:23.985+00:00,-26.3,96.2
2026-09-27T03:52:24.807+00:00,-30.04,91.0
2026-09-27T03:52:25.585+00:00,-33.51,86.1
2026-09-27T03:52:26.292+00:00,-32.75,87.2
2026-09-27T03:52:27.039+00:00,-28.88,92.7
2026-09-27T03:52:27.780+00:00,-30.69,90.0
2026-09-27T03:52:28.522+00:00,-32.46,87.6
2026-09-27T03:52:29.379+00:00,-30.05,91.0
2026-09-27T03:52:30.031+00:00,-42.7,73.1
2026-09-27T03:52:30.781+00:00,-39.47,77.7
2026-09-27T03:52:31.620+00:00,-30.87,89.9
2026-09-27T03:52:32.316+00:00,-29.68,91.6
2026-09-27T03:52:33.017+00:00,-28.01,93.8
2026-09-27T03:52:33.846+00:00,-37.71,80.1
2026-09-27T03:52:34.504+00:00,-37.51,80.4
2026-09-27T03:52:35.313+00:00,-33.62,85.9
2026-09-27T03:52:36.073+00:00,-40.82,75.7
2026-09-27T03:52:36.828+00:00,-33.06,86.8
2026-09-27T03:52:37.602+00:00,-32.54,87.5
2026-09-27T03:52:38.308+00:00,-35.85,82.8
2026-09-27T03:52:39.004+00:00,-27.49,94.7
2026-09-27T03:52:39.799+00:00,-27.35,94.8
2026-09-27T03:52:40.562+00:00,-39.01,78.3
2026-09-27T03:52:41.292+00:00,-37.33,80.7
2026-09-27T03:52:41.976+00:00,-42.66,73.2
2026-09-27T03:52:42.786+00:00,-55.37,55.3
2026-09-27T03:52:43.567+00:00,-59.26,49.8
2026-09-27T03:52:44.325+00:00,-48.22,65.3
2026-09-27T03:52:45.112+00:00,-42.44,73.5
2026-09-27T03:52:45.838+00:00,-45.44,69.3
2026-09-27T03:52:46.515+00:00,-53.66,57.7
2026-09-27T03:52:47.339+00:00,-42.58,73.3
2026-09-27T03:52:48.039+00:00,-40.55,76.2
2026-09-27T03:52:48.830+00:00,-39.97,77.0
2026-09-27T03:52:49.550+00:00,-38.99,78.3
2026-09-27T03:52:50.251+00:00,-31.76,88.6
2026-09-27T03:52:51.053+00:00,-31.04,89.6
2026-09-27T03:52:51.851+00:00,-30.66,90.1
2026-09-27T03:52:52.529+00:00,-31.44,89.0
2026-09-27T03:52:53.297+00:00,-36.84,81.4
2026-09-27T03:52:54.032+00:00,-34.3,84.9
2026-09-27T03:52:54.831+00:00,-29.58,91.7
2026-09-27T03:52:55.614+00:00,-39.01,78.3
2026-09-27T03:52:56.307+00:00,-36.6,81.7
2026-09-27T03:52:57.044+00:00,-36.15,82.4
2026-09-27T03:52:57.827+00:00,-30.16,90.9
2026-09-27T03:52:58.561+00:00,-38.87,78.6
2026-09-27T03:52:59.283+00:00,-41.41,74.9
2026-09-27T03:53:00.027+00:00,-42.49,73.3
2026-09-27T03:53:00.838+00:00,-35.8,82.8
2026-09-27T03:53:01.610+00:00,-40.07,76.9
2026-09-27T03:53:02.326+00:00,-42.08,74.1
2026-09-27T03:53:03.020+00:00,-36.98,81.3
2026-09-27T03:53:03.791+00:00,-38.94,78.4
2026-09-27T03:53:04.489+00:00,-28.72,92.8
2026-09-27T03:53:05.302+00:00,-28.59,93.0
2026-09-27T03:53:05.983+00:00,-41.88,74.3
2026-09-27T03:53:06.788+00:00,-47.29,66.6
2026-09-27T03:53:07.514+00:00,-49.72,63.2
2026-09-27T03:53:08.346+00:00,-38.28,79.4
2026-09-27T03:53:09.104+00:00,-44.21,70.9
2026-09-27T03:53:09.829+00:00,-27.99,94.0
2026-09-27T03:53:10.515+00:00,-35.17,83.8
2026-09-27T03:53:11.288+00:00,-34.16,85.2
2026-09-27T03:53:12.050+00:00,-44.65,70.4
2026-09-27T03:53:12.809+00:00,-42.81,72.9
2026-09-27T03:53:13.568+00:00,-43.5,71.9
2026-09-27T03:53:14.290+00:00,-42.18,73.9
2026-09-27T03:53:15.067+00:00,-38.81,78.6
2026-09-27T03:53:15.850+00:00,-23.96,99.6
2026-09-27T03:53:16.554+00:00,-43.36,72.2
2026-09-27T03:53:17.280+00:00,-50.96,61.5
2026-09-27T03:53:18.030+00:00,-53.46,58.0
2026-09-27T03:53:18.829+00:00,-45.2,69.5
2026-09-27T03:53:19.602+00:00,-45.76,68.8
2026-09-27T03:53:20.333+00:00,-30.39,90.4
2026-09-27T03:53:21.033+00:00,-45.71,68.8
2026-09-27T03:53:21.811+00:00,-42.55,73.3
2026-09-27T03:53:22.510+00:00,-50.95,61.5
2026-09-27T03:53:23.325+00:00,-50.05,62.8
2026-09-27T03:53:24.035+00:00,-56.49,53.6
2026-09-27T03:53:24.844+00:00,-51.69,60.4
2026-09-27T03:53:25.646+00:00,-52.83,58.8
2026-09-27T03:53:26.300+00:00,-41.8,74.3
2026-09-27T03:53:27.016+00:00,-44.16,71.1
2026-09-27T03:53:27.833+00:00,-49.36,63.7
2026-09-27T03:53:28.528+00:00,-54.2,56.8
2026-09-27T03:53:29.311+00:00,-52.91,58.7
2026-09-27T03:53:30.008+00:00,-55.44,55.1
2026-09-27T03:53:30.830+00:00,-48.9,64.3
2026-09-27T03:53:31.577+00:00,-40.64,76.0
2026-09-27T03:53:32.345+00:00,-45.96,68.5
2026-09-27T03:53:33.108+00:00,-41.32,75.0
2026-09-27T03:53:33.844+00:00,-45.03,69.8
2026-09-27T03:53:34.525+00:00,-48.33,65.2
2026-09-27T03:53:35.298+00:00,-52.11,59.8
2026-09-27T03:53:36.088+00:00,-46.98,67.1
2026-09-27T03:53:36.854+00:00,-49.45,63.6
2026-09-27T03:53:37.545+00:00,-48.02,65.6
2026-09-27T03:53:38.210+00:00,-55.0,55.7
2026-09-27T03:53:39.053+00:00,-47.58,66.3
2026-09-27T03:53:39.805+00:00,-45.59,69.0
2026-09-27T03:53:40.521+00:00,-49.22,63.9
2026-09-27T03:53:41.296+00:00,-45.02,69.8
2026-09-27T03:53:42.061+00:00,-39.82,77.2
2026-09-27T03:53:42.825+00:00,-39.79,77.2
2026-09-27T03:53:43.608+00:00,-35.99,82.5
2026-09-27T03:53:44.303+00:00,-38.46,79.1
2026-09-27T03:53:45.044+00:00,-33.74,85.8
2026-09-27T03:53:45.806+00:00,-34.05,85.3
2026-09-27T03:53:46.537+00:00,-34.4,84.8
2026-09-27T03:53:47.318+00:00,-30.46,90.4
2026-09-27T03:53:48.072+00:00,-33.44,86.2
2026-09-27T03:53:48.863+00:00,-28.42,93.3
2026-09-27T03:53:49.607+00:00,-33.52,86.1
2026-09-27T03:53:50.308+00:00,-31.32,89.2
2026-09-27T03:53:51.016+00:00,-33.97,85.5
2026-09-27T03:53:51.826+00:00,-26.73,95.7
2026-09-27T03:53:52.525+00:00,-30.8,89.9
2026-09-27T03:53:53.340+00:00,-41.83,74.3
2026-09-27T03:53:53.979+00:00,-33.68,85.9
2026-09-27T03:53:54.826+00:00,-35.65,83.1
2026-09-27T03:53:55.503+00:00,-32.99,86.8
2026-09-27T03:53:56.340+00:00,-28.57,93.1
2026-09-27T03:53:57.102+00:00,-37.55,80.4
2026-09-27T03:53:57.827+00:00,-41.31,75.0
2026-09-27T03:53:58.538+00:00,-24.92,98.2
2026-09-27T03:53:59.277+00:00,-19.53,105.8
2026-09-27T03:54:00.005+00:00,-36.98,81.3
2026-09-27T03:54:00.809+00:00,-31.11,89.4
2026-09-27T03:54:01.528+00:00,-35.5,83.2
2026-09-27T03:54:02.261+00:00,-43.37,72.2
2026-09-27T03:54:03.004+00:00,-43.77,71.7
2026-09-27T03:54:03.841+00:00,-38.7,78.7
2026-09-27T03:54:04.549+00:00,-44.72,70.2
2026-09-27T03:54:05.390+00:00,-33.64,85.9
2026-09-27T03:54:06.040+00:00,-43.81,71.5
2026-09-27T03:54:06.791+00:00,-42.66,73.2
2026-09-27T03:54:07.629+00:00,-44.77,70.2
2026-09-27T03:54:08.282+00:00,-48.56,64.9
2026-09-27T03:54:09.053+00:00,-47.08,67.0
2026-09-27T03:54:09.848+00:00,-47.4,66.4
2026-09-27T03:54:10.505+00:00,-42.66,73.2
2026-09-27T03:54:11.264+00:00,-41.01,75.5
2026-09-27T03:54:12.075+00:00,-44.62,70.4
2026-09-27T03:54:12.779+00:00,-38.38,79.3
2026-09-27T03:54:13.557+00:00,-30.3,90.6
2026-09-27T03:54:14.313+00:00,-33.99,85.3
2026-09-27T03:54:15.039+00:00,-33.57,86.1
2026-09-27T03:54:15.878+00:00,-39.96,77.0
2026-09-27T03:54:16.487+00:00,-30.24,90.7
2026-09-27T03:54:17.304+00:00,-41.79,74.3
2026-09-27T03:54:18.024+00:00,-49.72,63.2
2026-09-27T03:54:18.749+00:00,-49.79,63.0
2026-09-27T03:54:19.575+00:00,-53.15,58.4
2026-09-27T03:54:20.311+00:00,-48.34,65.2
2026-09-27T03:54:21.072+00:00,-51.25,61.1
2026-09-27T03:54:21.848+00:00,-50.31,62.3
2026-09-27T03:54:22.535+00:00,-45.45,69.3
2026-09-27T03:54:23.318+00:00,-47.31,66.6
2026-09-27T03:54:24.037+00:00,-46.19,68.3
2026-09-27T03:54:24.765+00:00,-54.01,57.1
2026-09-27T03:54:25.520+00:00,-48.73,64.6
2026-09-27T03:54:26.276+00:00,-51.1,61.2
2026-09-27T03:54:27.013+00:00,-51.85,60.2
2026-09-27T03:54:27.769+00:00,-51.0,61.3
2026-09-27T03:54:28.556+00:00,-52.18,59.8
2026-09-27T03:54:29.321+00:00,-49.91,62.9
2026-09-27T03:54:30.013+00:00,-46.76,67.4
2026-09-27T03:54:30.835+00:00,-48.22,65.3
2026-09-27T03:54:31.601+00:00,-47.0,67.0
2026-09-27T03:54:32.291+00:00,-48.08,65.6
2026-09-27T03:54:33.057+00:00,-42.74,73.1
2026-09-27T03:54:33.826+00:00,-41.59,74.6
2026-09-27T03:54:34.478+00:00,-46.14,68.3
2026-09-27T03:54:35.289+00:00,-45.31,69.4
2026-09-27T03:54:36.069+00:00,-44.42,70.7
2026-09-27T03:54:36.804+00:00,-45.49,69.1
2026-09-27T03:54:37.593+00:00,-44.87,70.1
2026-09-27T03:54:38.248+00:00,-44.68,70.4
2026-09-27T03:54:39.066+00:00,-46.18,68.3
2026-09-27T03:54:39.822+00:00,-47.25,66.7
2026-09-27T03:54:40.490+00:00,-36.82,81.4
2026-09-27T03:54:41.266+00:00,-41.09,75.3
2026-09-27T03:54:42.022+00:00,-40.46,76.3
2026-09-27T03:54:42.792+00:00,-44.87,70.1
2026-09-27T03:54:43.579+00:00,-47.64,66.1
2026-09-27T03:54:44.285+00:00,-42.45,73.5
2026-09-27T03:54:45.113+00:00,-45.44,69.3
2026-09-27T03:54:45.824+00:00,-45.38,69.4
2026-09-27T03:54:46.549+00:00,-46.73,67.4
2026-09-27T03:54:47.339+00:00,-46.3,68.0
2026-09-27T03:54:48.017+00:00,-45.94,68.5
2026-09-27T03:54:48.768+00:00,-40.97,75.6
2026-09-27T03:54:49.506+00:00,-44.25,70.9
2026-09-27T03:54:50.264+00:00,-44.84,70.1
2026-09-27T03:54:51.048+00:00,-46.23,68.1
2026-09-27T03:54:51.784+00:00,-42.66,73.2
2026-09-27T03:54:52.594+00:00,-45.9,68.5
2026-09-27T03:54:53.343+00:00,-46.5,67.7
2026-09-27T03:54:54.033+00:00,-47.7,66.0
2026-09-27T03:54:54.833+00:00,-49.5,63.5
2026-09-27T03:54:55.593+00:00,-48.57,64.9
2026-09-27T03:54:56.308+00:00,-47.91,65.7
2026-09-27T03:54:57.074+00:00,-49.06,64.2
2026-09-27T03:54:57.864+00:00,-49.37,63.7
2026-09-27T03:54:58.499+00:00,-49.19,64.0
2026-09-27T03:54:59.313+00:00,-48.18,65.4
2026-09-27T03:55:00.022+00:00,-50.03,62.8
2026-09-27T03:55:00.842+00:00,-47.64,66.1
2026-09-27T03:55:01.553+00:00,-45.51,69.1
2026-09-27T03:55:02.287+00:00,-48.79,64.5
2026-09-27T03:55:03.022+00:00,-46.91,67.1
2026-09-27T03:55:03.833+00:00,-48.57,64.9
2026-09-27T03:55:04.505+00:00,-47.73,66.0
2026-09-27T03:55:05.260+00:00,-46.75,67.4
2026-09-27T03:55:06.027+00:00,-46.32,68.0
2026-09-27T03:55:06.766+00:00,-44.8,70.1
2026-09-27T03:55:07.575+00:00,-42.32,73.6
2026-09-27T03:55:08.301+00:00,-43.92,71.4
2026-09-27T03:55:09.125+00:00,-48.0,65.6
2026-09-27T03:55:09.874+00:00,-49.25,63.9
2026-09-27T03:55:10.535+00:00,-46.68,67.6
2026-09-27T03:55:11.315+00:00,-49.59,63.3
2026-09-27T03:55:11.995+00:00,-49.69,63.2
2026-09-27T03:55:12.746+00:00,-49.19,64.0
2026-09-27T03:55:13.508+00:00,-50.42,62.2
2026-09-27T03:55:14.238+00:00,-48.88,64.5
2026-09-27T03:55:15.002+00:00,-49.46,63.6
2026-09-27T03:55:15.802+00:00,-50.55,62.1
2026-09-27T03:55:16.582+00:00,-50.56,62.1
2026-09-27T03:55:17.285+00:00,-49.26,63.9
2026-09-27T03:55:18.052+00:00,-50.37,62.3
2026-09-27T03:55:18.815+00:00,-50.09,62.6
2026-09-27T03:55:19.584+00:00,-49.95,62.9
2026-09-27T03:55:20.289+00:00,-47.93,65.7
2026-09-27T03:55:21.074+00:00,-48.33,65.2
2026-09-27T03:55:21.822+00:00,-50.87,61.6
2026-09-27T03:55:22.538+00:00,-48.48,65.0
2026-09-27T03:55:23.293+00:00,-46.87,67.3
2026-09-27T03:55:24.029+00:00,-45.39,69.3
2026-09-27T03:55:24.865+00:00,-47.47,66.4
2026-09-27T03:55:25.593+00:00,-45.5,69.1
2026-09-27T03:55:26.306+00:00,-43.49,71.9
2026-09-27T03:55:27.023+00:00,-46.37,68.0
2026-09-27T03:55:27.845+00:00,-48.7,64.6
2026-09-27T03:55:28.485+00:00,-49.99,62.8
2026-09-27T03:55:29.328+00:00,-49.74,63.2
2026-09-27T03:55:30.028+00:00,-50.34,62.3
2026-09-27T03:55:30.769+00:00,-48.19,65.4
2026-09-27T03:55:31.571+00:00,-47.52,66.3
2026-09-27T03:55:32.362+00:00,-50.12,62.6
2026-09-27T03:55:33.057+00:00,-49.04,64.2
2026-09-27T03:55:33.783+00:00,-49.03,64.2
2026-09-27T03:55:34.554+00:00,-48.36,65.2
2026-09-27T03:55:35.346+00:00,-49.93,62.9
2026-09-27T03:55:36.051+00:00,-49.63,63.3
2026-09-27T03:55:36.749+00:00,-49.38,63.7
2026-09-27T03:55:37.582+00:00,-47.57,66.3
2026-09-27T03:55:38.229+00:00,-48.13,65.4
2026-09-27T03:55:39.018+00:00,-50.85,61.6
2026-09-27T03:55:39.817+00:00,-51.87,60.2
2026-09-27T03:55:40.470+00:00,-35.45,83.4
2026-09-27T03:55:41.289+00:00,-35.97,82.7
2026-09-27T03:55:42.001+00:00,-38.75,78.7
2026-09-27T03:55:42.862+00:00,-30.07,91.0
2026-09-27T03:55:43.576+00:00,-38.35,79.3
2026-09-27T03:55:44.275+00:00,-33.54,86.1
2026-09-27T03:55:45.037+00:00,-35.62,83.1
2026-09-27T03:55:45.780+00:00,-47.4,66.4
2026-09-27T03:55:46.514+00:00,-50.01,62.8
2026-09-27T03:55:47.252+00:00,-47.65,66.1
2026-09-27T03:55:47.976+00:00,-48.56,64.9
2026-09-27T03:55:48.750+00:00,-48.74,64.6
2026-09-27T03:55:49.526+00:00,-48.26,65.3
2026-09-27T03:55:50.262+00:00,-48.99,64.2
2026-09-27T03:55:51.056+00:00,-47.26,66.7
2026-09-27T03:55:51.828+00:00,-44.94,70.0
2026-09-27T03:55:52.561+00:00,-49.56,63.5
2026-09-27T03:55:53.285+00:00,-41.94,74.2
2026-09-27T03:55:54.005+00:00,-40.19,76.7
2026-09-27T03:55:54.782+00:00,-41.78,74.5
2026-09-27T03:55:55.523+00:00,-44.78,70.2
2026-09-27T03:55:56.287+00:00,-45.78,68.8
2026-09-27T03:55:56.984+00:00,-47.6,66.1
2026-09-27T03:55:57.764+00:00,-49.36,63.7
2026-09-27T03:55:58.534+00:00,-50.66,61.9
2026-09-27T03:55:59.283+00:00,-50.74,61.8
2026-09-27T03:55:59.976+00:00,-50.87,61.6
2026-09-27T03:56:00.793+00:00,-52.11,59.8
2026-09-27T03:56:01.524+00:00,-53.66,57.7
2026-09-27T03:56:02.245+00:00,-54.32,56.7
2026-09-27T03:56:03.013+00:00,-53.37,58.1
2026-09-27T03:56:03.800+00:00,-51.95,60.1
2026-09-27T03:56:04.535+00:00,-49.74,63.2
2026-09-27T03:56:05.217+00:00,-52.31,59.5
2026-09-27T03:56:06.034+00:00,-51.76,60.4
2026-09-27T03:56:06.822+00:00,-51.12,61.2
2026-09-27T03:56:07.585+00:00,-52.94,58.7
2026-09-27T03:56:08.246+00:00,-53.24,58.2
2026-09-27T03:56:09.096+00:00,-51.78,60.4
2026-09-27T03:56:09.838+00:00,-48.35,65.2
2026-09-27T03:56:10.513+00:00,-50.58,62.1
2026-09-27T03:56:11.252+00:00,-50.0,62.8
2026-09-27T03:56:12.016+00:00,-50.94,61.5
2026-09-27T03:56:12.741+00:00,-47.56,66.3
2026-09-27T03:56:13.522+00:00,-50.51,62.1
2026-09-27T03:56:14.272+00:00,-50.25,62.5
2026-09-27T03:56:15.070+00:00,-52.87,58.8
2026-09-27T03:56:15.796+00:00,-52.03,59.9
2026-09-27T03:56:16.510+00:00,-52.52,59.2
2026-09-27T03:56:17.299+00:00,-53.12,58.4
2026-09-27T03:56:18.030+00:00,-55.81,54.6
2026-09-27T03:56:18.750+00:00,-54.78,56.1
2026-09-27T03:56:19.518+00:00,-54.44,56.5
2026-09-27T03:56:20.276+00:00,-55.09,55.6
2026-09-27T03:56:21.041+00:00,-53.68,57.7
2026-09-27T03:56:21.772+00:00,-55.64,54.8
2026-09-27T03:56:22.572+00:00,-55.46,55.1
2026-09-27T03:56:23.322+00:00,-56.75,53.3
2026-09-27T03:56:24.080+00:00,-55.19,55.6
2026-09-27T03:56:24.767+00:00,-54.67,56.3
2026-09-27T03:56:25.610+00:00,-48.95,64.3
2026-09-27T03:56:26.288+00:00,-50.34,62.3
2026-09-27T03:56:27.022+00:00,-52.13,59.8
2026-09-27T03:56:27.791+00:00,-54.8,56.0
2026-09-27T03:56:28.447+00:00,-50.69,61.8
2026-09-27T03:56:29.284+00:00,-54.29,56.7
2026-09-27T03:56:30.013+00:00,-57.04,52.9
2026-09-27T03:56:30.798+00:00,-56.03,54.3
2026-09-27T03:56:31.584+00:00,-54.43,56.5
2026-09-27T03:56:32.284+00:00,-52.43,59.4
2026-09-27T03:56:33.067+00:00,-54.73,56.1
2026-09-27T03:56:33.833+00:00,-56.18,54.1
2026-09-27T03:56:34.483+00:00,-53.37,58.1
2026-09-27T03:56:35.343+00:00,-56.25,54.0
2026-09-27T03:56:36.057+00:00,-56.87,53.2
2026-09-27T03:56:36.751+00:00,-53.48,58.0
2026-09-27T03:56:37.526+00:00,-55.31,55.3
2026-09-27T03:56:38.299+00:00,-51.66,60.5
2026-09-27T03:56:39.041+00:00,-39.78,77.3
2026-09-27T03:56:39.830+00:00,-49.45,63.6
2026-09-27T03:56:40.509+00:00,-51.62,60.5
2026-09-27T03:56:41.313+00:00,-54.99,55.7
2026-09-27T03:56:41.987+00:00,-57.87,51.7
2026-09-27T03:56:42.799+00:00,-56.54,53.6
2026-09-27T03:56:43.562+00:00,-55.19,55.6
2026-09-27T03:56:44.288+00:00,-58.39,50.9
2026-09-27T03:56:45.048+00:00,-59.97,48.8
2026-09-27T03:56:45.803+00:00,-57.93,51.6
2026-09-27T03:56:46.561+00:00,-59.33,49.6
2026-09-27T03:56:47.339+00:00,-59.37,49.6
2026-09-27T03:56:48.015+00:00,-60.43,48.1
2026-09-27T03:56:48.834+00:00,-61.11,47.1
2026-09-27T03:56:49.583+00:00,-61.29,46.8
2026-09-27T03:56:50.231+00:00,-59.78,49.1
2026-09-27T03:56:51.029+00:00,-60.76,47.6
2026-09-27T03:56:51.767+00:00,-62.18,45.7
2026-09-27T03:56:52.530+00:00,-58.81,50.3
2026-09-27T03:56:53.210+00:00,-62.53,45.1
2026-09-27T03:56:53.990+00:00,-61.75,46.2
2026-09-27T03:56:54.787+00:00,-61.45,46.7
2026-09-27T03:56:55.587+00:00,-59.82,48.9
2026-09-27T03:56:56.308+00:00,-61.93,46.0
2026-09-27T03:56:57.016+00:00,-63.81,43.3
2026-09-27T03:56:57.838+00:00,-59.44,49.5
2026-09-27T03:56:58.561+00:00,-63.37,44.0
2026-09-27T03:56:59.254+00:00,-63.45,43.8
2026-09-27T03:56:59.972+00:00,-63.18,44.3
2026-09-27T03:57:00.762+00:00,-63.97,43.1
2026-09-27T03:57:01.523+00:00,-64.76,42.0
2026-09-27T03:57:02.314+00:00,-65.58,40.9
2026-09-27T03:57:03.077+00:00,-63.72,43.4
2026-09-27T03:57:03.860+00:00,-63.17,44.3
2026-09-27T03:57:04.545+00:00,-63.25,44.1
2026-09-27T03:57:05.245+00:00,-63.55,43.7
2026-09-27T03:57:06.019+00:00,-65.03,41.6
2026-09-27T03:57:06.778+00:00,-63.85,43.3
2026-09-27T03:57:07.546+00:00,-60.92,47.4
2026-09-27T03:57:08.219+00:00,-58.72,50.5
2026-09-27T03:57:09.047+00:00,-61.86,46.1
2026-09-27T03:57:09.782+00:00,-64.13,42.8
2026-09-27T03:57:10.531+00:00,-64.24,42.7
2026-09-27T03:57:11.333+00:00,-61.79,46.1
2026-09-27T03:57:12.042+00:00,-63.1,44.3
2026-09-27T03:57:12.802+00:00,-63.37,44.0
2026-09-27T03:57:13.567+00:00,-62.78,44.8
2026-09-27T03:57:14.257+00:00,-63.16,44.3
2026-09-27T03:57:15.028+00:00,-63.14,44.3
2026-09-27T03:57:15.791+00:00,-62.08,45.8
2026-09-27T03:57:16.502+00:00,-56.16,54.1
2026-09-27T03:57:17.211+00:00,-61.33,46.8
2026-09-27T03:57:17.987+00:00,-62.32,45.4
2026-09-27T03:57:18.785+00:00,-50.74,61.8
2026-09-27T03:57:19.561+00:00,-58.85,50.3
2026-09-27T03:57:20.306+00:00,-57.14,52.7
2026-09-27T03:57:21.028+00:00,-44.44,70.7
2026-09-27T03:57:21.848+00:00,-40.65,76.0
2026-09-27T03:57:22.525+00:00,-59.06,50.0
2026-09-27T03:57:23.292+00:00,-57.08,52.9
2026-09-27T03:57:23.998+00:00,-48.37,65.2
2026-09-27T03:57:24.777+00:00,-50.07,62.8
2026-09-27T03:57:25.580+00:00,-48.98,64.3
2026-09-27T03:57:26.267+00:00,-45.16,69.7
2026-09-27T03:57:27.061+00:00,-38.94,78.4
2026-09-27T03:57:27.778+00:00,-38.82,78.6
2026-09-27T03:57:28.516+00:00,-55.34,55.3
2026-09-27T03:57:29.316+00:00,-41.81,74.3
2026-09-27T03:57:30.013+00:00,-43.54,71.9
2026-09-27T03:57:30.784+00:00,-55.62,54.8
2026-09-27T03:57:31.555+00:00,-58.64,50.6
2026-09-27T03:57:32.262+00:00,-60.99,47.2
2026-09-27T03:57:33.009+00:00,-60.66,47.8
2026-09-27T03:57:33.808+00:00,-36.13,82.4
2026-09-27T03:57:34.559+00:00,-34.79,84.2
2026-09-27T03:57:35.283+00:00,-54.14,57.0
2026-09-27T03:57:36.035+00:00,-28.07,93.8
2026-09-27T03:57:36.810+00:00,-24.15,99.3
2026-09-27T03:57:37.538+00:00,-29.09,92.3
2026-09-27T03:57:38.216+00:00,-28.13,93.7
2026-09-27T03:57:39.043+00:00,-26.9,95.4
2026-09-27T03:57:39.811+00:00,-28.62,93.0
2026-09-27T03:57:40.455+00:00,-28.72,92.8
2026-09-27T03:57:41.248+00:00,-29.9,91.1
2026-09-27T03:57:42.033+00:00,-40.62,76.0
2026-09-27T03:57:42.767+00:00,-44.0,71.2
2026-09-27T03:57:43.551+00:00,-49.97,62.9
2026-09-27T03:57:44.320+00:00,-61.0,47.2
2026-09-27T03:57:45.064+00:00,-50.29,62.3
2026-09-27T03:57:45.808+00:00,-53.68,57.7
2026-09-27T03:57:46.541+00:00,-47.68,66.1
2026-09-27T03:57:47.288+00:00,-56.76,53.3
2026-09-27T03:57:47.988+00:00,-59.27,49.8
2026-09-27T03:57:48.775+00:00,-50.41,62.2
2026-09-27T03:57:49.508+00:00,-59.29,49.6
2026-09-27T03:57:50.282+00:00,-63.3,44.0
2026-09-27T03:57:51.010+00:00,-58.72,50.5
2026-09-27T03:57:51.781+00:00,-54.2,56.8
2026-09-27T03:57:52.549+00:00,-59.42,49.5
2026-09-27T03:57:53.306+00:00,-54.3,56.7
2026-09-27T03:57:54.008+00:00,-59.24,49.8
2026-09-27T03:57:54.776+00:00,-53.73,57.5
2026-09-27T03:57:55.532+00:00,-56.46,53.7
2026-09-27T03:57:56.279+00:00,-53.07,58.5
2026-09-27T03:57:57.015+00:00,-23.78,99.9
2026-09-27T03:57:57.820+00:00,-29.5,91.7
2026-09-27T03:57:58.529+00:00,-26.23,96.4
2026-09-27T03:57:59.289+00:00,-25.79,97.1
2026-09-27T03:58:00.043+00:00,-17.65,108.5
2026-09-27T03:58:00.758+00:00,-26.78,95.7
2026-09-27T03:58:01.540+00:00,-41.27,75.2
2026-09-27T03:58:02.282+00:00,-55.71,54.7
2026-09-27T03:58:03.015+00:00,-17.87,108.2
2026-09-27T03:58:03.768+00:00,-18.8,106.8
2026-09-27T03:58:04.520+00:00,-28.39,93.3
2026-09-27T03:58:05.279+00:00,-31.9,88.3
2026-09-27T03:58:06.023+00:00,-40.13,76.7
2026-09-27T03:58:06.768+00:00,-61.64,46.4
2026-09-27T03:58:07.602+00:00,-62.56,45.1
2026-09-27T03:58:08.291+00:00,-60.22,48.4
2026-09-27T03:58:09.056+00:00,-41.83,74.3
2026-09-27T03:58:09.784+00:00,-21.86,102.6
2026-09-27T03:58:10.493+00:00,-28.45,93.3
2026-09-27T03:58:11.322+00:00,-35.85,82.8
2026-09-27T03:58:11.988+00:00,-51.74,60.4
2026-09-27T03:58:12.736+00:00,-29.38,92.0
2026-09-27T03:58:13.530+00:00,-39.19,78.1
2026-09-27T03:58:14.268+00:00,-41.6,74.6
2026-09-27T03:58:15.097+00:00,-45.19,69.7
2026-09-27T03:58:15.846+00:00,-47.6,66.1
2026-09-27T03:58:16.558+00:00,-50.32,62.3
2026-09-27T03:58:17.332+00:00,-53.75,57.5
2026-09-27T03:58:18.012+00:00,-57.67,52.0
2026-09-27T03:58:18.780+00:00,-59.2,49.8
2026-09-27T03:58:19.552+00:00,-60.72,47.6
2026-09-27T03:58:20.283+00:00,-60.79,47.5
2026-09-27T03:58:21.058+00:00,-38.36,79.3
2026-09-27T03:58:21.774+00:00,-39.0,78.3
2026-09-27T03:58:22.532+00:00,-22.55,101.6
2026-09-27T03:58:23.386+00:00,-11.43,117.3
2026-09-27T03:58:24.001+00:00,-12.79,115.4
2026-09-27T03:58:24.792+00:00,-20.79,104.1
2026-09-27T03:58:25.517+00:00,-15.54,111.5
2026-09-27T03:58:26.239+00:00,-12.69,115.4
2026-09-27T03:58:27.091+00:00,-21.34,103.3
2026-09-27T03:58:27.785+00:00,-22.66,101.4
2026-09-27T03:58:28.522+00:00,-17.59,108.5
2026-09-27T03:58:29.280+00:00,-17.62,108.5
2026-09-27T03:58:30.042+00:00,-15.21,111.9
2026-09-27T03:58:30.785+00:00,-22.77,101.3
2026-09-27T03:58:31.568+00:00,-22.03,102.3
2026-09-27T03:58:32.273+00:00,-20.32,104.7
2026-09-27T03:58:33.018+00:00,-17.86,108.2
2026-09-27T03:58:33.795+00:00,-24.03,99.5
2026-09-27T03:58:34.536+00:00,-21.44,103.1
2026-09-27T03:58:35.350+00:00,-19.75,105.5
2026-09-27T03:58:35.964+00:00,-14.66,112.7
2026-09-27T03:58:36.737+00:00,-12.54,115.7
2026-09-27T03:58:37.507+00:00,-20.88,104.0
2026-09-27T03:58:38.304+00:00,-18.65,107.1
2026-09-27T03:58:39.089+00:00,-13.71,114.0
2026-09-27T03:58:39.862+00:00,-22.8,101.2
2026-09-27T03:58:40.495+00:00,-25.2,97.8
2026-09-27T03:58:41.247+00:00,-15.83,111.0
2026-09-27T03:58:41.995+00:00,-18.71,107.0
2026-09-27T03:58:42.779+00:00,-12.79,115.4
2026-09-27T03:58:43.488+00:00,-23.39,100.3
2026-09-27T03:58:44.243+00:00,-19.71,105.5
2026-09-27T03:58:45.060+00:00,-14.64,112.7
2026-09-27T03:58:45.830+00:00,-20.88,104.0
2026-09-27T03:58:46.551+00:00,-18.46,107.4
2026-09-27T03:58:47.350+00:00,-15.18,112.0
2026-09-27T03:58:48.044+00:00,-18.92,106.7
2026-09-27T03:58:48.796+00:00,-16.64,109.9
2026-09-27T03:58:49.578+00:00,-20.03,105.1
2026-09-27T03:58:50.242+00:00,-15.52,111.5
2026-09-27T03:58:51.012+00:00,-19.54,105.8
2026-09-27T03:58:51.810+00:00,-20.77,104.1
2026-09-27T03:58:52.510+00:00,-20.2,104.8
2026-09-27T03:58:53.227+00:00,-25.4,97.5
2026-09-27T03:58:54.017+00:00,-16.83,109.6
2026-09-27T03:58:54.812+00:00,-20.07,105.1
2026-09-27T03:58:55.589+00:00,-18.51,107.2
2026-09-27T03:58:56.266+00:00,-19.75,105.5
2026-09-27T03:58:57.031+00:00,-23.84,99.8
2026-09-27T03:58:57.839+00:00,-18.64,107.1
2026-09-27T03:58:58.588+00:00,-14.57,112.9
2026-09-27T03:58:59.380+00:00,-18.68,107.1
2026-09-27T03:59:00.070+00:00,-16.89,109.5
2026-09-27T03:59:00.795+00:00,-20.85,104.0
2026-09-27T03:59:01.603+00:00,-17.63,108.5
2026-09-27T03:59:02.368+00:00,-17.47,108.8
2026-09-27T03:59:03.105+00:00,-19.88,105.4
2026-09-27T03:59:03.837+00:00,-22.02,102.3
2026-09-27T03:59:04.489+00:00,-19.49,106.0
2026-09-27T03:59:05.317+00:00,-13.52,114.3
2026-09-27T03:59:06.090+00:00,-13.63,114.2
2026-09-27T03:59:06.816+00:00,-24.82,98.3
2026-09-27T03:59:07.600+00:00,-22.43,101.7
2026-09-27T03:59:08.316+00:00,-23.18,100.7
2026-09-27T03:59:09.100+00:00,-15.01,112.2
2026-09-27T03:59:09.862+00:00,-20.72,104.1
2026-09-27T03:59:10.531+00:00,-20.82,104.0
2026-09-27T03:59:11.307+00:00,-19.66,105.7
2026-09-27T03:59:12.052+00:00,-18.09,107.8
2026-09-27T03:59:12.773+00:00,-19.65,105.7
2026-09-27T03:59:13.556+00:00,-18.3,107.5
2026-09-27T03:59:14.308+00:00,-20.37,104.7
2026-09-27T03:59:15.088+00:00,-24.15,99.3
2026-09-27T03:59:15.909+00:00,-14.07,113.6
2026-09-27T03:59:16.523+00:00,-18.78,107.0
2026-09-27T03:59:17.356+00:00,-26.8,95.5
2026-09-27T03:59:17.985+00:00,-15.83,111.0
2026-09-27T03:59:18.765+00:00,-14.39,113.0
2026-09-27T03:59:19.588+00:00,-22.94,101.0
2026-09-27T03:59:20.299+00:00,-22.44,101.7
2026-09-27T03:59:21.085+00:00,-21.76,102.7
2026-09-27T03:59:21.793+00:00,-12.53,115.7
2026-09-27T03:59:22.609+00:00,-15.85,111.0
2026-09-27T03:59:23.351+00:00,-17.92,108.1
2026-09-27T03:59:24.055+00:00,-23.43,100.3
2026-09-27T03:59:24.824+00:00,-13.35,114.6
2026-09-27T03:59:25.581+00:00,-18.16,107.8
2026-09-27T03:59:26.293+00:00,-15.82,111.0
2026-09-27T03:59:27.054+00:00,-14.45,113.0
2026-09-27T03:59:27.816+00:00,-17.68,108.5
2026-09-27T03:59:28.543+00:00,-17.93,108.1
2026-09-27T03:59:29.279+00:00,-20.23,104.8
2026-09-27T03:59:30.053+00:00,-16.42,110.2
2026-09-27T03:59:30.823+00:00,-19.06,106.5
2026-09-27T03:59:31.589+00:00,-20.01,105.1
2026-09-27T03:59:32.313+00:00,-18.59,107.1
2026-09-27T03:59:33.071+00:00,-19.36,106.1
2026-09-27T03:59:33.886+00:00,-16.33,110.3
2026-09-27T03:59:34.590+00:00,-20.09,105.0
2026-09-27T03:59:35.345+00:00,-22.65,101.4
2026-09-27T03:59:36.010+00:00,-14.57,112.9
2026-09-27T03:59:36.808+00:00,-14.25,113.3
2026-09-27T03:59:37.524+00:00,-21.85,102.6
2026-09-27T03:59:38.327+00:00,-21.77,102.7
2026-09-27T03:59:39.121+00:00,-15.72,111.2
2026-09-27T03:59:39.853+00:00,-20.42,104.6
2026-09-27T03:59:40.577+00:00,-21.72,102.7
2026-09-27T03:59:41.363+00:00,-18.27,107.7
2026-09-27T03:59:41.996+00:00,-11.44,117.3
2026-09-27T03:59:42.765+00:00,-18.72,107.0
2026-09-27T03:59:43.577+00:00,-19.53,105.8
2026-09-27T03:59:44.257+00:00,-20.43,104.6
2026-09-27T03:59:45.071+00:00,-24.48,98.9
2026-09-27T03:59:45.862+00:00,-26.02,96.6
2026-09-27T03:59:46.596+00:00,-16.67,109.9
2026-09-27T03:59:47.366+00:00,-16.56,110.1
2026-09-27T03:59:48.067+00:00,-14.55,112.9
2026-09-27T03:59:48.825+00:00,-21.66,102.9
2026-09-27T03:59:49.574+00:00,-18.42,107.4
2026-09-27T03:59:50.296+00:00,-15.96,110.9
2026-09-27T03:59:51.048+00:00,-15.34,111.8
2026-09-27T03:59:51.814+00:00,-21.45,103.1
2026-09-27T03:59:52.523+00:00,-23.18,100.7
2026-09-27T03:59:53.255+00:00,-17.68,108.5
2026-09-27T03:59:54.056+00:00,-16.14,110.6
2026-09-27T03:59:54.851+00:00,-12.45,115.8
2026-09-27T03:59:55.548+00:00,-19.93,105.3
2026-09-27T03:59:56.304+00:00,-18.5,107.2
2026-09-27T03:59:57.083+00:00,-16.33,110.3
2026-09-27T03:59:57.881+00:00,-17.59,108.5
2026-09-27T03:59:58.577+00:00,-22.13,102.2
2026-09-27T03:59:59.362+00:00,-19.48,106.0
2026-09-27T04:00:00.030+00:00,-18.58,107.2
2026-09-27T04:00:00.791+00:00,-11.24,117.5
2026-09-27T04:00:01.544+00:00,-13.31,114.6
2026-09-27T04:00:02.298+00:00,-19.13,106.4
2026-09-27T04:00:03.124+00:00,-18.99,106.7
2026-09-27T04:00:03.863+00:00,-14.21,113.3
2026-09-27T04:00:04.580+00:00,-18.12,107.8
2026-09-27T04:00:05.365+00:00,-19.68,105.7
2026-09-27T04:00:06.015+00:00,-15.38,111.8
2026-09-27T04:00:06.784+00:00,-16.88,109.6
2026-09-27T04:00:07.585+00:00,-16.39,110.2
2026-09-27T04:00:08.316+00:00,-19.03,106.5
2026-09-27T04:00:09.020+00:00,-17.84,108.2
2026-09-27T04:00:09.838+00:00,-15.42,111.6
2026-09-27T04:00:10.587+00:00,-19.44,106.0
2026-09-27T04:00:11.384+00:00,-23.91,99.6
2026-09-27T04:00:12.074+00:00,-13.71,114.0
2026-09-27T04:00:12.860+00:00,-14.82,112.5
2026-09-27T04:00:13.597+00:00,-25.92,96.8
2026-09-27T04:00:14.313+00:00,-24.6,98.6
2026-09-27T04:00:15.057+00:00,-15.88,111.0
2026-09-27T04:00:15.849+00:00,-17.19,109.2
2026-09-27T04:00:16.516+00:00,-23.3,100.5
2026-09-27T04:00:17.293+00:00,-18.89,106.7
2026-09-27T04:00:18.052+00:00,-22.05,102.3
2026-09-27T04:00:18.812+00:00,-12.51,115.7
2026-09-27T04:00:19.606+00:00,-13.83,113.9
2026-09-27T04:00:20.256+00:00,-18.3,107.5
2026-09-27T04:00:21.072+00:00,-16.79,109.8
2026-09-27T04:00:21.840+00:00,-14.23,113.3
2026-09-27T04:00:22.590+00:00,-20.31,104.7
2026-09-27T04:00:23.318+00:00,-17.42,108.8
2026-09-27T04:00:24.047+00:00,-12.21,116.1
2026-09-27T04:00:24.811+00:00,-21.64,102.9
2026-09-27T04:00:25.575+00:00,-13.56,114.3
2026-09-27T04:00:26.300+00:00,-16.13,110.6
2026-09-27T04:00:27.058+00:00,-19.51,105.8
2026-09-27T04:00:27.829+00:00,-12.79,115.4
2026-09-27T04:00:28.577+00:00,-18.83,106.8
2026-09-27T04:00:29.334+00:00,-20.33,104.7
2026-09-27T04:00:30.027+00:00,-13.63,114.2
2026-09-27T04:00:30.810+00:00,-14.59,112.7
2026-09-27T04:00:31.578+00:00,-12.42,115.8
2026-09-27T04:00:32.289+00:00,-18.6,107.1
2026-09-27T04:00:33.077+00:00,-17.12,109.2
2026-09-27T04:00:33.816+00:00,-13.84,113.9
2026-09-27T04:00:34.559+00:00,-19.96,105.3
2026-09-27T04:00:35.366+00:00,-14.45,113.0
2026-09-27T04:00:36.048+00:00,-19.79,105.5
2026-09-27T04:00:36.856+00:00,-18.03,107.9
2026-09-27T04:00:37.606+00:00,-19.91,105.3
2026-09-27T04:00:38.294+00:00,-19.33,106.1
2026-09-27T04:00:39.061+00:00,-20.09,105.0
2026-09-27T04:00:39.796+00:00,-21.86,102.6
2026-09-27T04:00:40.523+00:00,-16.68,109.9
2026-09-27T04:00:41.254+00:00,-17.19,109.2
2026-09-27T04:00:42.041+00:00,-9.94,119.4
2026-09-27T04:00:42.795+00:00,-15.04,112.2
2026-09-27T04:00:43.565+00:00,-20.98,103.8
2026-09-27T04:00:44.336+00:00,-15.13,112.0
2026-09-27T04:00:45.097+00:00,-17.9,108.1
2026-09-27T04:00:45.872+00:00,-17.12,109.2
2026-09-27T04:00:46.521+00:00,-21.31,103.3
2026-09-27T04:00:47.346+00:00,-21.59,102.9
2026-09-27T04:00:48.029+00:00,-12.37,116.0
2026-09-27T04:00:48.752+00:00,-21.99,102.4
2026-09-27T04:00:49.528+00:00,-19.2,106.2
2026-09-27T04:00:50.294+00:00,-19.98,105.3
2026-09-27T04:00:51.084+00:00,-20.46,104.6
2026-09-27T04:00:51.894+00:00,-12.11,116.3
2026-09-27T04:00:52.574+00:00,-19.17,106.4
2026-09-27T04:00:53.333+00:00,-15.68,111.3
2026-09-27T04:00:53.986+00:00,-11.28,117.5
2026-09-27T04:00:54.758+00:00,-12.96,115.1
2026-09-27T04:00:55.609+00:00,-19.34,106.1
2026-09-27T04:00:56.298+00:00,-18.42,107.4
2026-09-27T04:00:57.048+00:00,-14.96,112.3
2026-09-27T04:00:57.846+00:00,-20.23,104.8
2026-09-27T04:00:58.629+00:00,-20.35,104.7
2026-09-27T04:00:59.366+00:00,-15.47,111.6
2026-09-27T04:01:00.068+00:00,-19.46,106.0
2026-09-27T04:01:00.814+00:00,-20.04,105.1
2026-09-27T04:01:01.605+00:00,-14.37,113.2
2026-09-27T04:01:02.305+00:00,-17.84,108.2
2026-09-27T04:01:03.035+00:00,-15.68,111.3
2026-09-27T04:01:03.793+00:00,-18.59,107.1
2026-09-27T04:01:04.551+00:00,-19.35,106.1
2026-09-27T04:01:05.305+00:00,-13.61,114.2
2026-09-27T04:01:06.053+00:00,-18.26,107.7
2026-09-27T04:01:06.794+00:00,-23.26,100.6
2026-09-27T04:01:07.589+00:00,-13.92,113.7
2026-09-27T04:01:08.292+00:00,-11.22,117.5
2026-09-27T04:01:09.061+00:00,-26.02,96.6
2026-09-27T04:01:09.852+00:00,-26.82,95.5
2026-09-27T04:01:10.565+00:00,-17.14,109.2
2026-09-27T04:01:11.331+00:00,-13.91,113.7
2026-09-27T04:01:12.019+00:00,-11.08,117.8
2026-09-27T04:01:12.817+00:00,-23.41,100.3
2026-09-27T04:01:13.582+00:00,-20.15,105.0
2026-09-27T04:01:14.364+00:00,-12.1,116.3
2026-09-27T04:01:15.120+00:00,-17.5,108.6
2026-09-27T04:01:15.816+00:00,-16.19,110.6
2026-09-27T04:01:16.598+00:00,-16.29,110.5
2026-09-27T04:01:17.354+00:00,-16.01,110.8
2026-09-27T04:01:18.001+00:00,-18.35,107.5
2026-09-27T04:01:18.829+00:00,-21.66,102.9
2026-09-27T04:01:19.585+00:00,-9.24,120.4
2026-09-27T04:01:20.286+00:00,-13.85,113.9
2026-09-27T04:01:21.025+00:00,-16.32,110.3
2026-09-27T04:01:21.834+00:00,-15.29,111.9
2026-09-27T04:01:22.593+00:00,-17.21,109.1
2026-09-27T04:01:23.393+00:00,-11.37,117.4
2026-09-27T04:01:24.037+00:00,-23.0,100.9
2026-09-27T04:01:24.788+00:00,-17.64,108.5
2026-09-27T04:01:25.553+00:00,-13.51,114.3
2026-09-27T04:01:26.356+00:00,-21.54,103.0
2026-09-27T04:01:27.023+00:00,-19.93,105.3
2026-09-27T04:01:27.867+00:00,-14.11,113.4
2026-09-27T04:01:28.503+00:00,-13.83,113.9
2026-09-27T04:01:29.266+00:00,-23.1,100.7
2026-09-27T04:01:30.031+00:00,-19.98,105.3
2026-09-27T04:01:30.851+00:00,-12.83,115.3
2026-09-27T04:01:31.554+00:00,-19.38,106.1
2026-09-27T04:01:32.295+00:00,-23.22,100.6
2026-09-27T04:01:33.086+00:00,-14.22,113.3
2026-09-27T04:01:33.858+00:00,-25.96,96.8
2026-09-27T04:01:34.546+00:00,-12.46,115.8
2026-09-27T04:01:35.316+00:00,-19.28,106.2
2026-09-27T04:01:36.050+00:00,-22.11,102.2
2026-09-27T04:01:36.803+00:00,-13.67,114.2
2026-09-27T04:01:37.575+00:00,-15.62,111.3
2026-09-27T04:01:38.345+00:00,-15.43,111.6
2026-09-27T04:01:39.095+00:00,-20.5,104.4
2026-09-27T04:01:39.894+00:00,-18.49,107.4
2026-09-27T04:01:40.568+00:00,-15.79,111.2
2026-09-27T04:01:41.290+00:00,-19.2,106.2
2026-09-27T04:01:42.069+00:00,-26.13,96.5
2026-09-27T04:01:42.754+00:00,-19.05,106.5
2026-09-27T04:01:43.592+00:00,-14.14,113.4
2026-09-27T04:01:44.304+00:00,-10.42,118.7
2026-09-27T04:01:45.067+00:00,-11.79,116.8
2026-09-27T04:01:45.825+00:00,-18.41,107.4
2026-09-27T04:01:46.592+00:00,-18.32,107.5
2026-09-27T04:01:47.358+00:00,-9.55,119.9
2026-09-27T04:01:48.049+00:00,-20.59,104.3
2026-09-27T04:01:48.865+00:00,-22.56,101.6
2026-09-27T04:01:49.621+00:00,-10.85,118.1
2026-09-27T04:01:50.319+00:00,-15.38,111.8
2026-09-27T04:01:51.081+00:00,-17.76,108.4
2026-09-27T04:01:51.848+00:00,-15.39,111.6
2026-09-27T04:01:52.503+00:00,-15.42,111.6
2026-09-27T04:01:53.336+00:00,-18.26,107.7
2026-09-27T04:01:54.074+00:00,-17.48,108.8
2026-09-27T04:01:54.815+00:00,-13.99,113.7
2026-09-27T04:01:55.582+00:00,-18.54,107.2
2026-09-27T04:01:56.372+00:00,-19.36,106.1
2026-09-27T04:01:57.083+00:00,-12.95,115.1
2026-09-27T04:01:57.787+00:00,-16.66,109.9
2026-09-27T04:01:58.543+00:00,-21.2,103.4
2026-09-27T04:01:59.382+00:00,-15.12,112.0
2026-09-27T04:02:00.041+00:00,-10.72,118.2
2026-09-27T04:02:00.755+00:00,-21.41,103.1
2026-09-27T04:02:01.519+00:00,-19.11,106.4
2026-09-27T04:02:02.314+00:00,-16.56,110.1
2026-09-27T04:02:03.097+00:00,-19.09,106.4
2026-09-27T04:02:03.834+00:00,-21.34,103.3
2026-09-27T04:02:04.594+00:00,-17.67,108.5
2026-09-27T04:02:05.325+00:00,-22.86,101.2
2026-09-27T04:02:06.057+00:00,-16.53,110.1
2026-09-27T04:02:06.847+00:00,-20.14,105.0
2026-09-27T04:02:07.601+00:00,-27.22,94.9
2026-09-27T04:02:08.282+00:00,-19.39,106.0
2026-09-27T04:02:09.028+00:00,-21.58,103.0
2026-09-27T04:02:09.826+00:00,-20.58,104.4
2026-09-27T04:02:10.592+00:00,-16.17,110.6
2026-09-27T04:02:11.336+00:00,-17.59,108.5
2026-09-27T04:02:12.067+00:00,-13.1,114.9
2026-09-27T04:02:12.806+00:00,-14.9,112.3
2026-09-27T04:02:13.601+00:00,-18.08,107.9
2026-09-27T04:02:14.323+00:00,-20.99,103.8
2026-09-27T04:02:15.109+00:00,-15.47,111.6
2026-09-27T04:02:15.787+00:00,-20.82,104.0
2026-09-27T04:02:16.507+00:00,-20.26,104.8
2026-09-27T04:02:17.282+00:00,-17.7,108.4
2026-09-27T04:02:18.070+00:00,-17.7,108.4
2026-09-27T04:02:18.795+00:00,-16.95,109.5
2026-09-27T04:02:19.563+00:00,-15.22,111.9
2026-09-27T04:02:20.321+00:00,-23.82,99.8
2026-09-27T04:02:21.098+00:00,-11.28,117.5
2026-09-27T04:02:21.811+00:00,-22.55,101.6
2026-09-27T04:02:22.598+00:00,-20.15,105.0
2026-09-27T04:02:23.360+00:00,-12.49,115.8
2026-09-27T04:02:24.042+00:00,-18.44,107.4
2026-09-27T04:02:24.782+00:00,-18.43,107.4
2026-09-27T04:02:25.524+00:00,-20.77,104.1
2026-09-27T04:02:26.350+00:00,-15.45,111.6
2026-09-27T04:02:27.077+00:00,-23.43,100.3
2026-09-27T04:02:27.890+00:00,-22.32,101.9
2026-09-27T04:02:28.588+00:00,-14.19,113.4
2026-09-27T04:02:29.309+00:00,-21.0,103.7
2026-09-27T04:02:30.003+00:00,-17.12,109.2
2026-09-27T04:02:30.821+00:00,-18.17,107.8
2026-09-27T04:02:31.599+00:00,-15.7,111.2
2026-09-27T04:02:32.302+00:00,-15.94,110.9
2026-09-27T04:02:33.052+00:00,-17.5,108.6
2026-09-27T04:02:33.787+00:00,-19.17,106.4
2026-09-27T04:02:34.563+00:00,-19.41,106.0
2026-09-27T04:02:35.393+00:00,-21.64,102.9
2026-09-27T04:02:36.028+00:00,-15.94,110.9
2026-09-27T04:02:36.853+00:00,-16.83,109.6
2026-09-27T04:02:37.626+00:00,-19.18,106.4
2026-09-27T04:02:38.310+00:00,-21.48,103.1
2026-09-27T04:02:39.029+00:00,-28.25,93.5
2026-09-27T04:02:39.850+00:00,-17.01,109.4
2026-09-27T04:02:40.495+00:00,-17.21,109.1
2026-09-27T04:02:41.271+00:00,-15.63,111.3
2026-09-27T04:02:42.090+00:00,-14.81,112.5
2026-09-27T04:02:42.832+00:00,-13.84,113.9
2026-09-27T04:02:43.632+00:00,-21.84,102.6
2026-09-27T04:02:44.321+00:00,-22.43,101.7
2026-09-27T04:02:45.087+00:00,-14.18,113.4
2026-09-27T04:02:45.867+00:00,-14.84,112.5
2026-09-27T04:02:46.562+00:00,-15.4,111.6
2026-09-27T04:02:47.324+00:00,-19.38,106.1
2026-09-27T04:02:47.987+00:00,-21.64,102.9
2026-09-27T04:02:48.814+00:00,-12.51,115.7
2026-09-27T04:02:49.592+00:00,-15.54,111.5
2026-09-27T04:02:50.334+00:00,-18.04,107.9
2026-09-27T04:02:51.077+00:00,-20.48,104.6
2026-09-27T04:02:51.873+00:00,-12.67,115.6
2026-09-27T04:02:52.570+00:00,-17.49,108.8
2026-09-27T04:02:53.329+00:00,-20.11,105.0
2026-09-27T04:02:54.009+00:00,-21.42,103.1
2026-09-27T04:02:54.756+00:00,-28.59,93.0
2026-09-27T04:02:55.606+00:00,-24.7,98.5
2026-09-27T04:02:56.319+00:00,-25.51,97.4
2026-09-27T04:02:56.996+00:00,-25.97,96.8
2026-09-27T04:02:57.856+00:00,-24.75,98.5
2026-09-27T04:02:58.592+00:00,-25.81,96.9
2026-09-27T04:02:59.358+00:00,-50.92,61.5
2026-09-27T04:03:00.081+00:00,-53.18,58.4
2026-09-27T04:03:00.818+00:00,-57.22,52.6
2026-09-27T04:03:01.596+00:00,-34.87,84.2
2026-09-27T04:03:02.317+00:00,-29.54,91.7
2026-09-27T04:03:03.102+00:00,-33.78,85.8
2026-09-27T04:03:03.853+00:00,-40.03,76.9
2026-09-27T04:03:04.530+00:00,-40.19,76.7
2026-09-27T04:03:05.334+00:00,-25.63,97.2
2026-09-27T04:03:06.088+00:00,-43.2,72.4
2026-09-27T04:03:06.820+00:00,-52.36,59.5
2026-09-27T04:03:07.561+00:00,-50.01,62.8
2026-09-27T04:03:08.302+00:00,-53.64,57.7
2026-09-27T04:03:09.087+00:00,-52.12,59.8
2026-09-27T04:03:09.792+00:00,-57.93,51.6
2026-09-27T04:03:10.543+00:00,-21.99,102.4
2026-09-27T04:03:11.322+00:00,-22.72,101.3
2026-09-27T04:03:11.997+00:00,-50.32,62.3
2026-09-27T04:03:12.787+00:00,-55.35,55.3
2026-09-27T04:03:13.583+00:00,-57.46,52.3
2026-09-27T04:03:14.357+00:00,-58.06,51.5
2026-09-27T04:03:15.102+00:00,-56.74,53.3
2026-09-27T04:03:15.875+00:00,-55.72,54.7
2026-09-27T04:03:16.598+00:00,-51.26,61.1
2026-09-27T04:03:17.354+00:00,-55.03,55.7
2026-09-27T04:03:18.040+00:00,-60.08,48.6
2026-09-27T04:03:18.813+00:00,-60.3,48.2
2026-09-27T04:03:19.658+00:00,-58.28,51.2
2026-09-27T04:03:20.312+00:00,-56.76,53.3
2026-09-27T04:03:21.029+00:00,-56.69,53.3
2026-09-27T04:03:21.830+00:00,-59.57,49.3
2026-09-27T04:03:22.558+00:00,-56.76,53.3
2026-09-27T04:03:23.370+00:00,-52.83,58.8
2026-09-27T04:03:24.096+00:00,-59.85,48.9
2026-09-27T04:03:24.837+00:00,-53.22,58.2
2026-09-27T04:03:25.596+00:00,-54.68,56.3
2026-09-27T04:03:26.325+00:00,-53.76,57.5
2026-09-27T04:03:27.051+00:00,-47.97,65.7
2026-09-27T04:03:27.849+00:00,-51.86,60.2
2026-09-27T04:03:28.523+00:00,-41.07,75.5
2026-09-27T04:03:29.325+00:00,-34.65,84.5
2026-09-27T04:03:30.039+00:00,-41.29,75.0
2026-09-27T04:03:30.836+00:00,-39.29,77.9
2026-09-27T04:03:31.606+00:00,-40.96,75.6
2026-09-27T04:03:32.279+00:00,-43.54,71.9
2026-09-27T04:03:33.097+00:00,-28.45,93.3
2026-09-27T04:03:33.820+00:00,-30.58,90.3
2026-09-27T04:03:34.571+00:00,-53.88,57.4
2026-09-27T04:03:35.335+00:00,-54.88,56.0
2026-09-27T04:03:36.028+00:00,-51.05,61.3
2026-09-27T04:03:36.822+00:00,-46.08,68.4
2026-09-27T04:03:37.564+00:00,-43.12,72.5
2026-09-27T04:03:38.322+00:00,-39.95,77.0
2026-09-27T04:03:39.108+00:00,-44.08,71.2
2026-09-27T04:03:39.871+00:00,-44.79,70.1
2026-09-27T04:03:40.529+00:00,-42.78,73.1
2026-09-27T04:03:41.344+00:00,-52.64,59.1
2026-09-27T04:03:41.996+00:00,-54.37,56.7
2026-09-27T04:03:42.805+00:00,-49.82,63.0
2026-09-27T04:03:43.595+00:00,-43.56,71.9
2026-09-27T04:03:44.305+00:00,-38.36,79.3
2026-09-27T04:03:45.032+00:00,-33.9,85.5
2026-09-27T04:03:45.804+00:00,-32.76,87.2
2026-09-27T04:03:46.602+00:00,-55.09,55.6
2026-09-27T04:03:47.338+00:00,-52.79,58.8
2026-09-27T04:03:48.088+00:00,-40.66,76.0
2026-09-27T04:03:48.811+00:00,-51.19,61.2
2026-09-27T04:03:49.608+00:00,-52.9,58.7
2026-09-27T04:03:50.314+00:00,-52.76,58.9
2026-09-27T04:03:51.078+00:00,-45.54,69.1
2026-09-27T04:03:51.836+00:00,-56.59,53.4
2026-09-27T04:03:52.496+00:00,-54.27,56.8
2026-09-27T04:03:53.338+00:00,-58.48,50.9
2026-09-27T04:03:54.095+00:00,-56.39,53.7
2026-09-27T04:03:54.850+00:00,-45.26,69.5
2026-09-27T04:03:55.577+00:00,-52.35,59.5
2026-09-27T04:03:56.263+00:00,-51.07,61.3
2026-09-27T04:03:57.119+00:00,-52.62,59.1
2026-09-27T04:03:57.830+00:00,-53.19,58.4
2026-09-27T04:03:58.552+00:00,-51.32,60.9
2026-09-27T04:03:59.303+00:00,-52.37,59.5
2026-09-27T04:04:00.047+00:00,-53.57,57.8
2026-09-27T04:04:00.833+00:00,-51.19,61.2
2026-09-27T04:04:01.531+00:00,-55.2,55.4
2026-09-27T04:04:02.330+00:00,-54.99,55.7
2026-09-27T04:04:03.138+00:00,-26.07,96.6
2026-09-27T04:04:03.869+00:00,-24.02,99.5
2026-09-27T04:04:04.572+00:00,-36.27,82.2
2026-09-27T04:04:05.339+00:00,-41.99,74.1
2026-09-27T04:04:05.987+00:00,-39.61,77.4
2026-09-27T04:04:06.816+00:00,-22.82,101.2
2026-09-27T04:04:07.607+00:00,-15.71,111.2
2026-09-27T04:04:08.290+00:00,-16.21,110.5
2026-09-27T04:04:09.000+00:00,-15.68,111.3
2026-09-27T04:04:09.817+00:00,-19.31,106.1
2026-09-27T04:04:10.612+00:00,-22.81,101.2
2026-09-27T04:04:11.350+00:00,-16.09,110.6
2026-09-27T04:04:12.037+00:00,-13.12,114.9
2026-09-27T04:04:12.811+00:00,-16.23,110.5
2026-09-27T04:04:13.649+00:00,-13.88,113.9
2026-09-27T04:04:14.291+00:00,-19.01,106.5
2026-09-27T04:04:15.031+00:00,-17.02,109.4
2026-09-27T04:04:15.802+00:00,-19.1,106.4
2026-09-27T04:04:16.591+00:00,-18.28,107.7
2026-09-27T04:04:17.327+00:00,-22.41,101.7
2026-09-27T04:04:18.037+00:00,-20.29,104.8
2026-09-27T04:04:18.818+00:00,-16.4,110.2
2026-09-27T04:04:19.580+00:00,-25.14,97.9
2026-09-27T04:04:20.319+00:00,-25.34,97.6
2026-09-27T04:04:21.101+00:00,-14.02,113.6
2026-09-27T04:04:21.796+00:00,-12.13,116.3
2026-09-27T04:04:22.538+00:00,-19.43,106.0
2026-09-27T04:04:23.362+00:00,-15.63,111.3
2026-09-27T04:04:24.043+00:00,-16.94,109.5
2026-09-27T04:04:24.787+00:00,-18.09,107.8
2026-09-27T04:04:25.590+00:00,-10.06,119.2
2026-09-27T04:04:26.328+00:00,-16.97,109.5
2026-09-27T04:04:27.063+00:00,-17.33,108.9
2026-09-27T04:04:27.882+00:00,-17.54,108.6
2026-09-27T04:04:28.531+00:00,-19.64,105.7
2026-09-27T04:04:29.350+00:00,-16.32,110.3
2026-09-27T04:04:30.062+00:00,-19.59,105.7
2026-09-27T04:04:30.754+00:00,-16.53,110.1
2026-09-27T04:04:31.570+00:00,-24.88,98.3
2026-09-27T04:04:32.275+00:00,-14.66,112.7
2026-09-27T04:04:33.017+00:00,-16.98,109.5
2026-09-27T04:04:33.822+00:00,-17.83,108.2
2026-09-27T04:04:34.606+00:00,-14.91,112.3
2026-09-27T04:04:35.369+00:00,-21.99,102.4
2026-09-27T04:04:36.055+00:00,-14.13,113.4
2026-09-27T04:04:36.833+00:00,-20.24,104.8
2026-09-27T04:04:37.627+00:00,-16.35,110.3
2026-09-27T04:04:38.322+00:00,-18.99,106.7
2026-09-27T04:04:39.040+00:00,-13.72,114.0
2026-09-27T04:04:39.848+00:00,-15.81,111.0
2026-09-27T04:04:40.559+00:00,-19.19,106.4
2026-09-27T04:04:41.322+00:00,-20.75,104.1
2026-09-27T04:04:42.060+00:00,-19.43,106.0
2026-09-27T04:04:42.801+00:00,-13.43,114.4
2026-09-27T04:04:43.616+00:00,-16.82,109.6
2026-09-27T04:04:44.331+00:00,-20.78,104.1
2026-09-27T04:04:45.069+00:00,-22.29,102.0
2026-09-27T04:04:45.858+00:00,-25.15,97.9
2026-09-27T04:04:46.650+00:00,-16.89,109.5
2026-09-27T04:04:47.329+00:00,-19.97,105.3
2026-09-27T04:04:48.017+00:00,-19.28,106.2
2026-09-27T04:04:48.853+00:00,-25.7,97.1
2026-09-27T04:04:49.577+00:00,-19.17,106.4
2026-09-27T04:04:50.317+00:00,-22.65,101.4
2026-09-27T04:04:51.072+00:00,-20.05,105.1
2026-09-27T04:04:51.881+00:00,-18.7,107.0
2026-09-27T04:04:52.569+00:00,-18.82,106.8
2026-09-27T04:04:53.355+00:00,-16.24,110.5
2026-09-27T04:04:54.012+00:00,-16.14,110.6
2026-09-27T04:04:54.780+00:00,-19.03,106.5
2026-09-27T04:04:55.591+00:00,-21.95,102.4
2026-09-27T04:04:56.292+00:00,-20.48,104.6
2026-09-27T04:04:57.074+00:00,-14.03,113.6
2026-09-27T04:04:57.809+00:00,-18.11,107.8
2026-09-27T04:04:58.528+00:00,-18.11,107.8
2026-09-27T04:04:59.267+00:00,-19.0,106.5
2026-09-27T04:05:00.011+00:00,-19.4,106.0
2026-09-27T04:05:00.804+00:00,-14.62,112.7
2026-09-27T04:05:01.542+00:00,-19.95,105.3
2026-09-27T04:05:02.276+00:00,-20.1,105.0
2026-09-27T04:05:03.061+00:00,-16.7,109.8
2026-09-27T04:05:03.802+00:00,-18.06,107.9
2026-09-27T04:05:04.504+00:00,-13.81,113.9
2026-09-27T04:05:05.313+00:00,-17.16,109.2
2026-09-27T04:05:06.012+00:00,-18.08,107.9
2026-09-27T04:05:06.789+00:00,-22.69,101.3
2026-09-27T04:05:07.573+00:00,-18.91,106.7
2026-09-27T04:05:08.212+00:00,-16.88,109.6
2026-09-27T04:05:09.036+00:00,-18.83,106.8
2026-09-27T04:05:09.777+00:00,-16.12,110.6
2026-09-27T04:05:10.534+00:00,-18.87,106.8
2026-09-27T04:05:11.344+00:00,-16.36,110.3
2026-09-27T04:05:12.049+00:00,-18.4,107.4
2026-09-27T04:05:12.768+00:00,-17.76,108.4
2026-09-27T04:05:13.572+00:00,-23.48,100.3
2026-09-27T04:05:14.267+00:00,-15.19,112.0
2026-09-27T04:05:15.050+00:00,-17.79,108.4
2026-09-27T04:05:15.767+00:00,-17.43,108.8
2026-09-27T04:05:16.522+00:00,-20.69,104.1
2026-09-27T04:05:17.235+00:00,-22.65,101.4
2026-09-27T04:05:18.004+00:00,-18.35,107.5
2026-09-27T04:05:18.816+00:00,-18.62,107.1
2026-09-27T04:05:19.591+00:00,-16.12,110.6
2026-09-27T04:05:20.261+00:00,-22.23,102.0
2026-09-27T04:05:21.010+00:00,-16.6,109.9
2026-09-27T04:05:21.814+00:00,-14.18,113.4
2026-09-27T04:05:22.550+00:00,-16.41,110.2
2026-09-27T04:05:23.291+00:00,-21.52,103.0
2026-09-27T04:05:23.963+00:00,-22.45,101.7
2026-09-27T04:05:24.748+00:00,-20.34,104.7
2026-09-27T04:05:25.573+00:00,-15.25,111.9
2026-09-27T04:05:26.299+00:00,-21.57,103.0
2026-09-27T04:05:27.059+00:00,-14.85,112.5
2026-09-27T04:05:27.850+00:00,-21.19,103.6
2026-09-27T04:05:28.540+00:00,-19.3,106.1
2026-09-27T04:05:29.258+00:00,-19.92,105.3
2026-09-27T04:05:30.031+00:00,-19.26,106.2
2026-09-27T04:05:30.796+00:00,-16.85,109.6
2026-09-27T04:05:31.504+00:00,-22.25,102.0
2026-09-27T04:05:32.216+00:00,-22.28,102.0
2026-09-27T04:05:33.008+00:00,-26.65,95.8
2026-09-27T04:05:33.787+00:00,-18.82,106.8
2026-09-27T04:05:34.509+00:00,-29.05,92.4
2026-09-27T04:05:35.319+00:00,-17.76,108.4
2026-09-27T04:05:36.018+00:00,-21.83,102.6
2026-09-27T04:05:36.782+00:00,-17.45,108.8
2026-09-27T04:05:37.575+00:00,-21.24,103.4
2026-09-27T04:05:38.226+00:00,-20.03,105.1
2026-09-27T04:05:39.033+00:00,-11.76,116.8
2026-09-27T04:05:39.805+00:00,-14.26,113.3
2026-09-27T04:05:40.531+00:00,-20.53,104.4
2026-09-27T04:05:41.258+00:00,-23.28,100.6
2026-09-27T04:05:42.017+00:00,-14.08,113.6
2026-09-27T04:05:42.803+00:00,-14.4,113.0
2026-09-27T04:05:43.599+00:00,-16.83,109.6
2026-09-27T04:05:44.299+00:00,-21.09,103.6
2026-09-27T04:05:45.000+00:00,-22.34,101.9
2026-09-27T04:05:45.849+00:00,-14.66,112.7
2026-09-27T04:05:46.527+00:00,-15.53,111.5
2026-09-27T04:05:47.291+00:00,-20.09,105.0
2026-09-27T04:05:48.008+00:00,-23.37,100.5
2026-09-27T04:05:48.794+00:00,-22.71,101.3
2026-09-27T04:05:49.513+00:00,-11.53,117.1
2026-09-27T04:05:50.301+00:00,-16.94,109.5
2026-09-27T04:05:51.058+00:00,-19.53,105.8
2026-09-27T04:05:51.846+00:00,-20.35,104.7
2026-09-27T04:05:52.536+00:00,-15.3,111.8
2026-09-27T04:05:53.331+00:00,-13.13,114.9
2026-09-27T04:05:54.019+00:00,-23.06,100.9
2026-09-27T04:05:54.791+00:00,-18.71,107.0
2026-09-27T04:05:55.513+00:00,-21.51,103.0
2026-09-27T04:05:56.231+00:00,-20.11,105.0
2026-09-27T04:05:56.976+00:00,-17.91,108.1
2026-09-27T04:05:57.794+00:00,-17.53,108.6
2026-09-27T04:05:58.544+00:00,-16.21,110.5
2026-09-27T04:05:59.344+00:00,-26.18,96.5
2026-09-27T04:06:00.011+00:00,-15.49,111.6
2026-09-27T04:06:00.794+00:00,-19.15,106.4
2026-09-27T04:06:01.534+00:00,-9.64,119.8
2026-09-27T04:06:02.291+00:00,-12.15,116.3
2026-09-27T04:06:03.070+00:00,-17.76,108.4
2026-09-27T04:06:03.795+00:00,-14.09,113.4
2026-09-27T04:06:04.527+00:00,-18.02,107.9
2026-09-27T04:06:05.224+00:00,-21.68,102.9
2026-09-27T04:06:06.008+00:00,-20.12,105.0
2026-09-27T04:06:06.817+00:00,-17.0,109.4
2026-09-27T04:06:07.600+00:00,-15.26,111.9
2026-09-27T04:06:08.314+00:00,-16.35,110.3
2026-09-27T04:06:08.995+00:00,-14.62,112.7
2026-09-27T04:06:09.824+00:00,-19.35,106.1
2026-09-27T04:06:10.533+00:00,-21.49,103.1
2026-09-27T04:06:11.268+00:00,-22.11,102.2
2026-09-27T04:06:12.026+00:00,-22.64,101.4
2026-09-27T04:06:12.773+00:00,-30.4,90.4
2026-09-27T04:06:13.545+00:00,-18.65,107.1
2026-09-27T04:06:14.325+00:00,-29.09,92.3
2026-09-27T04:06:15.081+00:00,-17.19,109.2
2026-09-27T04:06:15.819+00:00,-19.57,105.8
2026-09-27T04:06:16.516+00:00,-14.61,112.7
2026-09-27T04:06:17.310+00:00,-14.35,113.2
2026-09-27T04:06:18.032+00:00,-18.72,107.0
2026-09-27T04:06:18.803+00:00,-19.96,105.3
2026-09-27T04:06:19.513+00:00,-19.07,106.5
2026-09-27T04:06:20.233+00:00,-14.64,112.7
2026-09-27T04:06:20.991+00:00,-15.12,112.0
2026-09-27T04:06:21.816+00:00,-19.44,106.0
2026-09-27T04:06:22.570+00:00,-22.56,101.6
2026-09-27T04:06:23.320+00:00,-22.65,101.4
2026-09-27T04:06:24.005+00:00,-19.85,105.4
2026-09-27T04:06:24.842+00:00,-19.2,106.2
2026-09-27T04:06:25.583+00:00,-14.9,112.3
2026-09-27T04:06:26.249+00:00,-19.53,105.8
2026-09-27T04:06:27.048+00:00,-18.14,107.8
2026-09-27T04:06:27.824+00:00,-18.33,107.5
2026-09-27T04:06:28.460+00:00,-17.43,108.8
2026-09-27T04:06:29.281+00:00,-14.96,112.3
2026-09-27T04:06:29.998+00:00,-19.19,106.4
2026-09-27T04:06:30.799+00:00,-18.77,107.0
2026-09-27T04:06:31.603+00:00,-19.41,106.0
2026-09-27T04:06:32.301+00:00,-16.17,110.6
2026-09-27T04:06:33.002+00:00,-15.74,111.2
2026-09-27T04:06:33.831+00:00,-19.99,105.3
2026-09-27T04:06:34.458+00:00,-18.02,107.9
2026-09-27T04:06:35.289+00:00,-16.73,109.8
2026-09-27T04:06:35.964+00:00,-15.27,111.9
2026-09-27T04:06:36.821+00:00,-20.09,105.0
2026-09-27T04:06:37.518+00:00,-22.32,101.9
2026-09-27T04:06:38.330+00:00,-19.13,106.4
2026-09-27T04:06:39.086+00:00,-14.43,113.0
2026-09-27T04:06:39.857+00:00,-12.36,116.0
2026-09-27T04:06:40.521+00:00,-23.16,100.7
2026-09-27T04:06:41.308+00:00,-17.26,109.1
2026-09-27T04:06:42.033+00:00,-19.0,106.5
2026-09-27T04:06:42.870+00:00,-17.46,108.8
2026-09-27T04:06:43.561+00:00,-17.47,108.8
2026-09-27T04:06:44.234+00:00,-19.18,106.4
2026-09-27T04:06:44.999+00:00,-15.51,111.5
2026-09-27T04:06:45.793+00:00,-16.24,110.5
2026-09-27T04:06:46.569+00:00,-15.51,111.5
2026-09-27T04:06:47.288+00:00,-19.66,105.7
2026-09-27T04:06:48.024+00:00,-16.83,109.6
2026-09-27T04:06:48.821+00:00,-21.46,103.1
2026-09-27T04:06:49.533+00:00,-19.12,106.4
2026-09-27T04:06:50.280+00:00,-23.78,99.9
2026-09-27T04:06:51.027+00:00,-19.5,105.8
2026-09-27T04:06:51.800+00:00,-16.39,110.2
2026-09-27T04:06:52.502+00:00,-19.83,105.4
2026-09-27T04:06:53.241+00:00,-18.64,107.1
2026-09-27T04:06:53.995+00:00,-18.63,107.1
2026-09-27T04:06:54.835+00:00,-19.25,106.2
2026-09-27T04:06:55.591+00:00,-19.29,106.2
2026-09-27T04:06:56.306+00:00,-23.39,100.3
2026-09-27T04:06:56.998+00:00,-14.28,113.3
2026-09-27T04:06:57.802+00:00,-18.37,107.5
2026-09-27T04:06:58.512+00:00,-23.63,100.0
2026-09-27T04:06:59.305+00:00,-27.94,94.0
2026-09-27T04:07:00.054+00:00,-21.37,103.3
2026-09-27T04:07:00.807+00:00,-26.58,95.9
2026-09-27T04:07:01.546+00:00,-27.18,95.1
2026-09-27T04:07:02.321+00:00,-24.04,99.5
2026-09-27T04:07:03.100+00:00,-30.52,90.3
2026-09-27T04:07:03.806+00:00,-17.63,108.5
2026-09-27T04:07:04.551+00:00,-27.69,94.2
2026-09-27T04:07:05.312+00:00,-17.39,108.8
2026-09-27T04:07:06.033+00:00,-18.5,107.2
2026-09-27T04:07:06.795+00:00,-24.03,99.5
2026-09-27T04:07:07.524+00:00,-18.21,107.7
2026-09-27T04:07:08.207+00:00,-20.43,104.6
2026-09-27T04:07:09.001+00:00,-18.06,107.9
2026-09-27T04:07:09.812+00:00,-19.73,105.5
2026-09-27T04:07:10.542+00:00,-17.94,108.1
2026-09-27T04:07:11.273+00:00,-15.96,110.9
2026-09-27T04:07:11.991+00:00,-21.48,103.1
2026-09-27T04:07:12.785+00:00,-17.97,108.1
2026-09-27T04:07:13.609+00:00,-19.68,105.7
2026-09-27T04:07:14.228+00:00,-21.13,103.6
2026-09-27T04:07:15.040+00:00,-19.9,105.3
2026-09-27T04:07:15.801+00:00,-18.75,107.0
2026-09-27T04:07:16.477+00:00,-21.78,102.7
2026-09-27T04:07:17.283+00:00,-17.42,108.8
2026-09-27T04:07:17.997+00:00,-17.78,108.4
2026-09-27T04:07:18.778+00:00,-19.52,105.8
2026-09-27T04:07:19.592+00:00,-18.55,107.2
2026-09-27T04:07:20.282+00:00,-19.12,106.4
2026-09-27T04:07:21.005+00:00,-18.67,107.1
2026-09-27T04:07:21.850+00:00,-17.34,108.9
2026-09-27T04:07:22.526+00:00,-22.42,101.7
2026-09-27T04:07:23.302+00:00,-15.51,111.5
2026-09-27T04:07:24.012+00:00,-18.06,107.9
2026-09-27T04:07:24.792+00:00,-15.37,111.8
2026-09-27T04:07:25.564+00:00,-17.09,109.2
2026-09-27T04:07:26.323+00:00,-20.89,103.8
2026-09-27T04:07:27.063+00:00,-18.51,107.2
2026-09-27T04:07:27.853+00:00,-21.35,103.3
2026-09-27T04:07:28.534+00:00,-19.01,106.5
2026-09-27T04:07:29.275+00:00,-17.2,109.1
2026-09-27T04:07:30.018+00:00,-17.35,108.9
2026-09-27T04:07:30.811+00:00,-15.77,111.2
2026-09-27T04:07:31.565+00:00,-17.53,108.6
2026-09-27T04:07:32.213+00:00,-22.2,102.0
2026-09-27T04:07:33.022+00:00,-19.95,105.3
2026-09-27T04:07:33.800+00:00,-15.01,112.2
2026-09-27T04:07:34.531+00:00,-20.28,104.8
2026-09-27T04:07:35.279+00:00,-20.87,104.0
2026-09-27T04:07:36.035+00:00,-24.65,98.6
2026-09-27T04:07:36.813+00:00,-12.69,115.4
2026-09-27T04:07:37.583+00:00,-12.08,116.4
2026-09-27T04:07:38.264+00:00,-17.64,108.5
2026-09-27T04:07:39.025+00:00,-18.05,107.9
2026-09-27T04:07:39.821+00:00,-21.09,103.6
2026-09-27T04:07:40.485+00:00,-16.83,109.6
2026-09-27T04:07:41.246+00:00,-19.02,106.5
2026-09-27T04:07:41.995+00:00,-19.6,105.7
2026-09-27T04:07:42.836+00:00,-24.43,98.9
2026-09-27T04:07:43.588+00:00,-18.84,106.8
2026-09-27T04:07:44.306+00:00,-13.33,114.6
2026-09-27T04:07:45.005+00:00,-19.37,106.1
2026-09-27T04:07:45.762+00:00,-23.47,100.3
2026-09-27T04:07:46.530+00:00,-24.13,99.3
2026-09-27T04:07:47.287+00:00,-27.22,94.9
2026-09-27T04:07:47.984+00:00,-29.04,92.4
2026-09-27T04:07:48.823+00:00,-24.53,98.8
2026-09-27T04:07:49.551+00:00,-28.74,92.8
2026-09-27T04:07:50.334+00:00,-29.6,91.6
2026-09-27T04:07:51.054+00:00,-30.33,90.6
2026-09-27T04:07:51.861+00:00,-39.39,77.7
2026-09-27T04:07:52.518+00:00,-36.46,82.0
2026-09-27T04:07:53.263+00:00,-34.0,85.3
2026-09-27T04:07:54.014+00:00,-36.97,81.3
2026-09-27T04:07:54.790+00:00,-37.52,80.4
2026-09-27T04:07:55.512+00:00,-38.51,79.0
2026-09-27T04:07:56.197+00:00,-41.85,74.3
2026-09-27T04:07:56.997+00:00,-40.54,76.2
2026-09-27T04:07:57.814+00:00,-33.24,86.5
2026-09-27T04:07:58.555+00:00,-28.6,93.0
2026-09-27T04:07:59.339+00:00,-30.71,90.0
2026-09-27T04:08:00.028+00:00,-26.58,95.9
2026-09-27T04:08:00.815+00:00,-21.31,103.3
2026-09-27T04:08:01.552+00:00,-29.03,92.4
2026-09-27T04:08:02.240+00:00,-40.21,76.6
2026-09-27T04:08:03.062+00:00,-36.57,81.8
2026-09-27T04:08:03.801+00:00,-36.04,82.5
2026-09-27T04:08:04.529+00:00,-30.43,90.4
2026-09-27T04:08:05.248+00:00,-30.52,90.3
2026-09-27T04:08:06.067+00:00,-21.4,103.1
2026-09-27T04:08:06.820+00:00,-15.3,111.8
2026-09-27T04:08:07.620+00:00,-25.51,97.4
2026-09-27T04:08:08.297+00:00,-39.64,77.4
2026-09-27T04:08:09.005+00:00,-39.97,77.0
2026-09-27T04:08:09.844+00:00,-38.78,78.7
2026-09-27T04:08:10.500+00:00,-31.89,88.3
2026-09-27T04:08:11.291+00:00,-28.26,93.5
2026-09-27T04:08:11.993+00:00,-33.01,86.8
2026-09-27T04:08:12.769+00:00,-23.42,100.3
2026-09-27T04:08:13.569+00:00,-27.26,94.9
2026-09-27T04:08:14.320+00:00,-35.68,83.1
2026-09-27T04:08:15.050+00:00,-40.75,75.9
2026-09-27T04:08:15.820+00:00,-35.13,83.8
2026-09-27T04:08:16.805+00:00,-34.05,85.3
2026-09-27T04:08:17.326+00:00,-37.3,80.7
2026-09-27T04:08:17.995+00:00,-28.49,93.3
2026-09-27T04:08:18.820+00:00,-23.38,100.5
2026-09-27T04:08:19.516+00:00,-34.62,84.5
2026-09-27T04:08:20.248+00:00,-26.2,96.4
2026-09-27T04:08:21.013+00:00,-19.45,106.0
2026-09-27T04:08:21.794+00:00,-39.2,78.0
2026-09-27T04:08:22.543+00:00,-38.23,79.4
2026-09-27T04:08:23.285+00:00,-40.34,76.5
2026-09-27T04:08:24.015+00:00,-38.73,78.7
2026-09-27T04:08:24.784+00:00,-40.37,76.5
2026-09-27T04:08:25.551+00:00,-37.27,80.8
2026-09-27T04:08:26.266+00:00,-39.08,78.3
2026-09-27T04:08:27.028+00:00,-38.59,78.9
2026-09-27T04:08:27.780+00:00,-39.11,78.1
2026-09-27T04:08:28.467+00:00,-38.88,78.6
2026-09-27T04:08:29.281+00:00,-41.34,75.0
2026-09-27T04:08:30.041+00:00,-39.85,77.2
2026-09-27T04:08:30.779+00:00,-40.01,76.9
2026-09-27T04:08:31.596+00:00,-40.33,76.5
2026-09-27T04:08:32.315+00:00,-37.11,81.0
2026-09-27T04:08:33.043+00:00,-35.66,83.1
2026-09-27T04:08:33.799+00:00,-38.57,79.0
2026-09-27T04:08:34.494+00:00,-38.52,79.0
2026-09-27T04:08:35.286+00:00,-37.46,80.5
2026-09-27T04:08:36.001+00:00,-23.35,100.5
2026-09-27T04:08:36.860+00:00,-30.28,90.7
2026-09-27T04:08:37.510+00:00,-30.28,90.7
2026-09-27T04:08:38.306+00:00,-27.95,94.0
2026-09-27T04:08:39.036+00:00,-24.36,99.0
2026-09-27T04:08:39.804+00:00,-21.0,103.7
2026-09-27T04:08:40.520+00:00,-24.28,99.2
2026-09-27T04:08:41.318+00:00,-25.5,97.4
2026-09-27T04:08:42.000+00:00,-27.52,94.5
2026-09-27T04:08:42.791+00:00,-22.1,102.2
2026-09-27T04:08:43.505+00:00,-20.74,104.1
2026-09-27T04:08:44.198+00:00,-21.12,103.6
2026-09-27T04:08:45.041+00:00,-22.16,102.2
2026-09-27T04:08:45.797+00:00,-21.44,103.1
2026-09-27T04:08:46.505+00:00,-29.34,92.0
2026-09-27T04:08:47.303+00:00,-32.28,87.9
2026-09-27T04:08:48.027+00:00,-29.43,91.8
2026-09-27T04:08:48.821+00:00,-23.27,100.6
2026-09-27T04:08:49.552+00:00,-25.08,98.1
2026-09-27T04:08:50.272+00:00,-37.37,80.7
2026-09-27T04:08:51.069+00:00,-36.24,82.2
2026-09-27T04:08:51.788+00:00,-36.31,82.1
2026-09-27T04:08:52.534+00:00,-36.56,81.8
2026-09-27T04:08:53.310+00:00,-30.55,90.3
2026-09-27T04:08:54.061+00:00,-33.59,85.9
2026-09-27T04:08:54.826+00:00,-39.64,77.4
2026-09-27T04:08:55.595+00:00,-37.7,80.1
2026-09-27T04:08:56.291+00:00,-32.88,87.0
2026-09-27T04:08:57.070+00:00,-33.76,85.8
2026-09-27T04:08:57.769+00:00,-33.42,86.2
2026-09-27T04:08:58.525+00:00,-36.26,82.2
2026-09-27T04:08:59.312+00:00,-40.64,76.0
2026-09-27T04:09:00.001+00:00,-38.81,78.6
2026-09-27T04:09:00.785+00:00,-37.2,80.8
2026-09-27T04:09:01.566+00:00,-25.72,97.1
2026-09-27T04:09:02.296+00:00,-32.17,88.0
2026-09-27T04:09:03.070+00:00,-37.39,80.5
2026-09-27T04:09:03.838+00:00,-31.9,88.3
2026-09-27T04:09:04.506+00:00,-35.18,83.8
2026-09-27T04:09:05.280+00:00,-32.71,87.2
2026-09-27T04:09:06.017+00:00,-23.72,99.9
2026-09-27T04:09:06.817+00:00,-27.19,95.1
2026-09-27T04:09:07.512+00:00,-29.12,92.3
2026-09-27T04:09:08.212+00:00,-21.6,102.9
2026-09-27T04:09:09.033+00:00,-23.3,100.5
2026-09-27T04:09:09.794+00:00,-30.38,90.6
2026-09-27T04:09:10.562+00:00,-30.73,90.0
2026-09-27T04:09:11.261+00:00,-18.35,107.5
2026-09-27T04:09:12.005+00:00,-15.14,112.0
2026-09-27T04:09:12.796+00:00,-16.57,110.1
2026-09-27T04:09:13.553+00:00,-13.83,113.9
2026-09-27T04:09:14.287+00:00,-17.78,108.4
2026-09-27T04:09:15.023+00:00,-17.25,109.1
2026-09-27T04:09:15.806+00:00,-22.71,101.3
2026-09-27T04:09:16.486+00:00,-24.58,98.8
2026-09-27T04:09:17.250+00:00,-29.11,92.3
2026-09-27T04:09:18.016+00:00,-27.74,94.2
2026-09-27T04:09:18.793+00:00,-31.28,89.3
2026-09-27T04:09:19.593+00:00,-32.96,86.9
2026-09-27T04:09:20.292+00:00,-29.02,92.4
2026-09-27T04:09:21.031+00:00,-31.29,89.2
2026-09-27T04:09:21.837+00:00,-34.07,85.3
2026-09-27T04:09:22.511+00:00,-34.9,84.1
2026-09-27T04:09:23.291+00:00,-27.39,94.7
2026-09-27T04:09:23.987+00:00,-28.15,93.7
2026-09-27T04:09:24.797+00:00,-29.26,92.1
2026-09-27T04:09:25.528+00:00,-31.67,88.7
2026-09-27T04:09:26.310+00:00,-39.55,77.6
2026-09-27T04:09:27.100+00:00,-37.96,79.8
2026-09-27T04:09:27.830+00:00,-27.02,95.2
2026-09-27T04:09:28.553+00:00,-29.57,91.7
2026-09-27T04:09:29.331+00:00,-23.42,100.3
2026-09-27T04:09:30.030+00:00,-26.1,96.5
2026-09-27T04:09:30.818+00:00,-30.33,90.6
2026-09-27T04:09:31.553+00:00,-26.45,96.1
2026-09-27T04:09:32.206+00:00,-32.59,87.3
2026-09-27T04:09:32.971+00:00,-25.1,97.9
2026-09-27T04:09:33.811+00:00,-29.5,91.7
2026-09-27T04:09:34.501+00:00,-36.19,82.4
2026-09-27T04:09:35.310+00:00,-35.42,83.4
2026-09-27T04:09:36.013+00:00,-25.36,97.6
2026-09-27T04:09:36.837+00:00,-38.14,79.6
2026-09-27T04:09:37.561+00:00,-43.94,71.4
2026-09-27T04:09:38.269+00:00,-48.19,65.4
2026-09-27T04:09:39.037+00:00,-39.92,77.0
2026-09-27T04:09:39.847+00:00,-39.45,77.7
2026-09-27T04:09:40.475+00:00,-48.73,64.6
2026-09-27T04:09:41.287+00:00,-48.95,64.3
2026-09-27T04:09:42.010+00:00,-41.74,74.5
2026-09-27T04:09:42.801+00:00,-35.7,82.9
2026-09-27T04:09:43.602+00:00,-38.33,79.3
2026-09-27T04:09:44.289+00:00,-33.6,85.9
2026-09-27T04:09:45.061+00:00,-38.94,78.4
2026-09-27T04:09:45.820+00:00,-44.15,71.1
2026-09-27T04:09:46.528+00:00,-43.24,72.4
2026-09-27T04:09:47.289+00:00,-45.52,69.1
2026-09-27T04:09:47.992+00:00,-45.81,68.7
2026-09-27T04:09:48.759+00:00,-33.3,86.3
2026-09-27T04:09:49.509+00:00,-37.61,80.3
2026-09-27T04:09:50.313+00:00,-27.96,94.0
2026-09-27T04:09:51.059+00:00,-34.05,85.3
2026-09-27T04:09:51.860+00:00,-31.16,89.4
2026-09-27T04:09:52.531+00:00,-39.23,78.0
2026-09-27T04:09:53.328+00:00,-45.46,69.3
2026-09-27T04:09:54.017+00:00,-35.33,83.5
2026-09-27T04:09:54.783+00:00,-36.37,82.1
2026-09-27T04:09:55.563+00:00,-33.82,85.6
2026-09-27T04:09:56.224+00:00,-39.91,77.0
2026-09-27T04:09:57.039+00:00,-44.7,70.2
2026-09-27T04:09:57.813+00:00,-42.94,72.8
2026-09-27T04:09:58.570+00:00,-44.05,71.2
2026-09-27T04:09:59.262+00:00,-48.3,65.2
2026-09-27T04:09:59.980+00:00,-54.38,56.7
2026-09-27T04:10:00.828+00:00,-48.48,65.0
2026-09-27T04:10:01.572+00:00,-53.75,57.5
2026-09-27T04:10:02.292+00:00,-45.11,69.7
2026-09-27T04:10:03.095+00:00,-47.81,65.9
2026-09-27T04:10:03.812+00:00,-42.33,73.6
2026-09-27T04:10:04.473+00:00,-46.32,68.0
2026-09-27T04:10:05.273+00:00,-51.63,60.5
2026-09-27T04:10:06.010+00:00,-45.8,68.7
2026-09-27T04:10:06.778+00:00,-36.32,82.1
2026-09-27T04:10:07.567+00:00,-26.52,95.9
2026-09-27T04:10:08.302+00:00,-29.93,91.1
2026-09-27T04:10:09.007+00:00,-35.82,82.8
2026-09-27T04:10:09.830+00:00,-36.06,82.5
2026-09-27T04:10:10.522+00:00,-50.08,62.8
2026-09-27T04:10:11.318+00:00,-36.77,81.5
2026-09-27T04:10:12.005+00:00,-35.66,83.1
2026-09-27T04:10:12.758+00:00,-52.6,59.1
2026-09-27T04:10:13.553+00:00,-42.95,72.8
2026-09-27T04:10:14.301+00:00,-25.83,96.9
2026-09-27T04:10:15.071+00:00,-47.54,66.3
2026-09-27T04:10:15.831+00:00,-55.12,55.6
2026-09-27T04:10:16.510+00:00,-51.39,60.8
2026-09-27T04:10:17.291+00:00,-44.2,70.9
2026-09-27T04:10:18.036+00:00,-50.31,62.3
2026-09-27T04:10:18.820+00:00,-26.48,96.1
2026-09-27T04:10:19.515+00:00,-16.97,109.5
2026-09-27T04:10:20.270+00:00,-16.27,110.5
2026-09-27T04:10:20.977+00:00,-24.2,99.2
2026-09-27T04:10:21.774+00:00,-23.19,100.7
2026-09-27T04:10:22.522+00:00,-28.82,92.7
2026-09-27T04:10:23.336+00:00,-21.9,102.4
2026-09-27T04:10:24.024+00:00,-23.58,100.2
2026-09-27T04:10:24.809+00:00,-27.47,94.7
2026-09-27T04:10:25.552+00:00,-25.4,97.5
2026-09-27T04:10:26.293+00:00,-33.49,86.1
2026-09-27T04:10:27.054+00:00,-36.57,81.8
2026-09-27T04:10:27.791+00:00,-15.22,111.9
2026-09-27T04:10:28.539+00:00,-23.44,100.3
2026-09-27T04:10:29.229+00:00,-26.43,96.1
2026-09-27T04:10:30.018+00:00,-29.49,91.8
2026-09-27T04:10:30.843+00:00,-34.5,84.6
2026-09-27T04:10:31.583+00:00,-27.11,95.1
2026-09-27T04:10:32.304+00:00,-15.16,112.0
2026-09-27T04:10:33.007+00:00,-20.54,104.4
2026-09-27T04:10:33.817+00:00,-24.6,98.6
2026-09-27T04:10:34.502+00:00,-31.27,89.3
2026-09-27T04:10:35.291+00:00,-35.4,83.4
2026-09-27T04:10:36.012+00:00,-40.33,76.5
2026-09-27T04:10:36.736+00:00,-15.27,111.9
2026-09-27T04:10:37.533+00:00,-19.95,105.3
2026-09-27T04:10:38.284+00:00,-27.66,94.4
2026-09-27T04:10:39.050+00:00,-31.08,89.6
2026-09-27T04:10:39.856+00:00,-31.45,89.0
2026-09-27T04:10:40.578+00:00,-29.69,91.4
2026-09-27T04:10:41.316+00:00,-32.81,87.0
2026-09-27T04:10:42.018+00:00,-11.46,117.3
2026-09-27T04:10:42.808+00:00,-16.7,109.8
2026-09-27T04:10:43.555+00:00,-21.67,102.9
2026-09-27T04:10:44.248+00:00,-24.78,98.5
2026-09-27T04:10:45.023+00:00,-26.98,95.4
2026-09-27T04:10:45.808+00:00,-28.86,92.7
2026-09-27T04:10:46.543+00:00,-32.78,87.2
2026-09-27T04:10:47.322+00:00,-32.4,87.6
2026-09-27T04:10:47.982+00:00,-11.35,117.4
2026-09-27T04:10:48.769+00:00,-16.68,109.9
2026-09-27T04:10:49.564+00:00,-21.52,103.0
2026-09-27T04:10:50.237+00:00,-25.02,98.1
2026-09-27T04:10:51.016+00:00,-27.33,94.8
2026-09-27T04:10:51.798+00:00,-29.7,91.4
2026-09-27T04:10:52.535+00:00,-41.99,74.1
2026-09-27T04:10:53.263+00:00,-13.25,114.7
2026-09-27T04:10:54.000+00:00,-18.1,107.8
2026-09-27T04:10:54.825+00:00,-23.91,99.6
2026-09-27T04:10:55.619+00:00,-25.74,97.1
2026-09-27T04:10:56.316+00:00,-24.25,99.2
2026-09-27T04:10:57.039+00:00,-16.04,110.8
2026-09-27T04:10:57.835+00:00,-13.5,114.3
2026-09-27T04:10:58.542+00:00,-19.67,105.7
2026-09-27T04:10:59.309+00:00,-18.64,107.1
2026-09-27T04:10:59.975+00:00,-13.59,114.2
2026-09-27T04:11:00.757+00:00,-20.44,104.6
2026-09-27T04:11:01.569+00:00,-16.89,109.5
2026-09-27T04:11:02.273+00:00,-14.9,112.3
2026-09-27T04:11:03.068+00:00,-17.22,109.1
2026-09-27T04:11:03.857+00:00,-19.56,105.8
2026-09-27T04:11:04.517+00:00,-21.14,103.6
2026-09-27T04:11:05.313+00:00,-19.32,106.1
2026-09-27T04:11:05.968+00:00,-22.88,101.2
2026-09-27T04:11:06.808+00:00,-22.65,101.4
2026-09-27T04:11:07.573+00:00,-21.28,103.4
2026-09-27T04:11:08.217+00:00,-19.02,106.5
2026-09-27T04:11:08.990+00:00,-20.59,104.3
2026-09-27T04:11:09.805+00:00,-20.82,104.0
2026-09-27T04:11:10.509+00:00,-19.6,105.7
2026-09-27T04:11:11.315+00:00,-20.96,103.8
2026-09-27T04:11:12.048+00:00,-21.84,102.6
2026-09-27T04:11:12.795+00:00,-18.23,107.7
2026-09-27T04:11:13.582+00:00,-18.99,106.7
2026-09-27T04:11:14.242+00:00,-17.06,109.4
2026-09-27T04:11:15.062+00:00,-13.37,114.6
2026-09-27T04:11:15.814+00:00,-22.08,102.3
2026-09-27T04:11:16.673+00:00,-16.4,110.2
2026-09-27T04:11:17.283+00:00,-19.25,106.2
2026-09-27T04:11:18.009+00:00,-17.33,108.9
2026-09-27T04:11:18.829+00:00,-21.09,103.6
2026-09-27T04:11:19.602+00:00,-19.4,106.0
2026-09-27T04:11:20.312+00:00,-17.45,108.8
2026-09-27T04:11:21.029+00:00,-21.41,103.1
2026-09-27T04:11:21.833+00:00,-20.21,104.8
2026-09-27T04:11:22.509+00:00,-19.25,106.2
2026-09-27T04:11:23.283+00:00,-18.96,106.7
2026-09-27T04:11:23.993+00:00,-21.72,102.7
2026-09-27T04:11:24.769+00:00,-17.69,108.4
2026-09-27T04:11:25.509+00:00,-18.36,107.5
2026-09-27T04:11:26.279+00:00,-17.23,109.1
2026-09-27T04:11:27.048+00:00,-19.2,106.2
2026-09-27T04:11:27.835+00:00,-16.05,110.8
2026-09-27T04:11:28.530+00:00,-22.25,102.0
2026-09-27T04:11:29.278+00:00,-20.28,104.8
2026-09-27T04:11:29.998+00:00,-22.63,101.4
2026-09-27T04:11:30.796+00:00,-18.8,106.8
2026-09-27T04:11:31.516+00:00,-19.98,105.3
2026-09-27T04:11:32.214+00:00,-21.99,102.4
2026-09-27T04:11:33.010+00:00,-18.19,107.8
2026-09-27T04:11:33.803+00:00,-18.14,107.8
2026-09-27T04:11:34.531+00:00,-19.92,105.3
2026-09-27T04:11:35.297+00:00,-24.44,98.9
2026-09-27T04:11:35.978+00:00,-24.19,99.3
2026-09-27T04:11:36.764+00:00,-21.99,102.4
2026-09-27T04:11:37.577+00:00,-15.13,112.0
2026-09-27T04:11:38.290+00:00,-25.48,97.5
2026-09-27T04:11:39.056+00:00,-21.42,103.1
2026-09-27T04:11:39.854+00:00,-20.45,104.6
2026-09-27T04:11:40.524+00:00,-14.97,112.3
2026-09-27T04:11:41.232+00:00,-19.07,106.5
2026-09-27T04:11:42.082+00:00,-17.85,108.2
2026-09-27T04:11:42.762+00:00,-23.06,100.9
2026-09-27T04:11:43.639+00:00,-18.97,106.7
2026-09-27T04:11:44.291+00:00,-14.05,113.6
2026-09-27T04:11:45.039+00:00,-16.23,110.5
2026-09-27T04:11:45.822+00:00,-18.67,107.1
2026-09-27T04:11:46.559+00:00,-14.23,113.3
2026-09-27T04:11:47.293+00:00,-20.11,105.0
2026-09-27T04:11:48.009+00:00,-17.44,108.8
2026-09-27T04:11:48.781+00:00,-17.62,108.5
2026-09-27T04:11:49.580+00:00,-17.57,108.6
2026-09-27T04:11:50.321+00:00,-19.5,105.8
2026-09-27T04:11:51.068+00:00,-19.91,105.3
2026-09-27T04:11:51.803+00:00,-15.84,111.0
2026-09-27T04:11:52.523+00:00,-21.31,103.3
2026-09-27T04:11:53.299+00:00,-18.37,107.5
2026-09-27T04:11:54.009+00:00,-23.44,100.3
2026-09-27T04:11:54.806+00:00,-22.37,101.9
2026-09-27T04:11:55.563+00:00,-19.23,106.2
2026-09-27T04:11:56.210+00:00,-14.76,112.6
2026-09-27T04:11:57.024+00:00,-18.35,107.5
2026-09-27T04:11:57.808+00:00,-15.99,110.9
2026-09-27T04:11:58.558+00:00,-14.82,112.5
2026-09-27T04:11:59.307+00:00,-21.19,103.6
2026-09-27T04:12:00.030+00:00,-17.23,109.1
2026-09-27T04:12:00.797+00:00,-19.44,106.0
2026-09-27T04:12:01.508+00:00,-20.27,104.8
2026-09-27T04:12:02.287+00:00,-14.51,112.9
2026-09-27T04:12:03.018+00:00,-16.58,110.1
2026-09-27T04:12:03.792+00:00,-21.75,102.7
2026-09-27T04:12:04.487+00:00,-20.66,104.3
2026-09-27T04:12:05.282+00:00,-18.18,107.8
2026-09-27T04:12:06.077+00:00,-15.19,112.0
2026-09-27T04:12:06.803+00:00,-17.03,109.4
2026-09-27T04:12:07.594+00:00,-15.34,111.8
2026-09-27T04:12:08.314+00:00,-13.48,114.4
2026-09-27T04:12:09.047+00:00,-20.82,104.0
2026-09-27T04:12:09.830+00:00,-14.95,112.3
2026-09-27T04:12:10.496+00:00,-15.3,111.8
2026-09-27T04:12:11.271+00:00,-19.36,106.1
2026-09-27T04:12:11.975+00:00,-19.72,105.5
2026-09-27T04:12:12.720+00:00,-21.43,103.1
2026-09-27T04:12:13.499+00:00,-20.9,103.8
2026-09-27T04:12:14.315+00:00,-20.75,104.1
2026-09-27T04:12:15.052+00:00,-21.99,102.4
2026-09-27T04:12:15.858+00:00,-19.92,105.3
2026-09-27T04:12:16.582+00:00,-20.58,104.4
2026-09-27T04:12:17.274+00:00,-19.17,106.4
2026-09-27T04:12:18.054+00:00,-19.4,106.0
2026-09-27T04:12:18.810+00:00,-18.96,106.7
2026-09-27T04:12:19.620+00:00,-20.79,104.1
2026-09-27T04:12:20.356+00:00,-20.23,104.8
2026-09-27T04:12:21.091+00:00,-19.79,105.5
2026-09-27T04:12:21.860+00:00,-18.24,107.7
2026-09-27T04:12:22.512+00:00,-23.08,100.9
2026-09-27T04:12:23.304+00:00,-14.66,112.7
2026-09-27T04:12:24.041+00:00,-17.73,108.4
2026-09-27T04:12:24.792+00:00,-19.11,106.4
2026-09-27T04:12:25.496+00:00,-20.3,104.7
2026-09-27T04:12:26.371+00:00,-19.16,106.4
2026-09-27T04:12:27.064+00:00,-17.39,108.8
2026-09-27T04:12:27.891+00:00,-19.04,106.5
2026-09-27T04:12:28.601+00:00,-15.92,110.9
2026-09-27T04:12:29.329+00:00,-24.52,98.8
2026-09-27T04:12:30.047+00:00,-16.92,109.5
2026-09-27T04:12:30.771+00:00,-22.07,102.3
2026-09-27T04:12:31.610+00:00,-19.32,106.1
2026-09-27T04:12:32.328+00:00,-20.95,103.8
2026-09-27T04:12:33.038+00:00,-24.54,98.8
2026-09-27T04:12:33.784+00:00,-23.91,99.6
2026-09-27T04:12:34.575+00:00,-19.39,106.0
2026-09-27T04:12:35.357+00:00,-14.08,113.6
2026-09-27T04:12:35.999+00:00,-20.48,104.6
2026-09-27T04:12:36.841+00:00,-24.17,99.3
2026-09-27T04:12:37.598+00:00,-21.69,102.7
2026-09-27T04:12:38.294+00:00,-14.71,112.6
2026-09-27T04:12:39.115+00:00,-13.13,114.9
2026-09-27T04:12:39.895+00:00,-14.72,112.6
2026-09-27T04:12:40.511+00:00,-13.52,114.3
2026-09-27T04:12:41.337+00:00,-24.42,98.9
2026-09-27T04:12:42.102+00:00,-14.1,113.4
2026-09-27T04:12:42.860+00:00,-13.97,113.7
2026-09-27T04:12:43.578+00:00,-14.55,112.9
2026-09-27T04:12:44.334+00:00,-13.71,114.0
2026-09-27T04:12:45.102+00:00,-14.96,112.3
2026-09-27T04:12:45.808+00:00,-14.24,113.3
2026-09-27T04:12:46.592+00:00,-14.86,112.5
2026-09-27T04:12:47.266+00:00,-17.75,108.4
2026-09-27T04:12:48.027+00:00,-18.35,107.5
2026-09-27T04:12:48.799+00:00,-19.32,106.1
2026-09-27T04:12:49.505+00:00,-16.72,109.8
2026-09-27T04:12:50.311+00:00,-21.86,102.6
2026-09-27T04:12:51.083+00:00,-19.38,106.1
2026-09-27T04:12:51.864+00:00,-13.9,113.7
2026-09-27T04:12:52.550+00:00,-15.34,111.8
2026-09-27T04:12:53.350+00:00,-21.86,102.6
2026-09-27T04:12:54.095+00:00,-18.77,107.0
2026-09-27T04:12:54.791+00:00,-18.8,106.8
2026-09-27T04:12:55.588+00:00,-17.09,109.2
2026-09-27T04:12:56.293+00:00,-19.51,105.8
2026-09-27T04:12:57.116+00:00,-18.9,106.7
2026-09-27T04:12:57.842+00:00,-18.08,107.9
2026-09-27T04:12:58.608+00:00,-20.62,104.3
2026-09-27T04:12:59.335+00:00,-11.68,117.0
2026-09-27T04:13:00.008+00:00,-13.05,115.0
2026-09-27T04:13:00.784+00:00,-20.33,104.7
2026-09-27T04:13:01.608+00:00,-21.36,103.3
2026-09-27T04:13:02.300+00:00,-21.51,103.0
2026-09-27T04:13:03.074+00:00,-18.39,107.4
2026-09-27T04:13:03.819+00:00,-15.66,111.3
2026-09-27T04:13:04.509+00:00,-14.56,112.9
2026-09-27T04:13:05.330+00:00,-15.45,111.6
2026-09-27T04:13:06.108+00:00,-16.05,110.8
2026-09-27T04:13:06.861+00:00,-20.97,103.8
2026-09-27T04:13:07.630+00:00,-13.0,115.0
2026-09-27T04:13:08.339+00:00,-15.89,110.9
2026-09-27T04:13:09.097+00:00,-15.54,111.5
2026-09-27T04:13:09.856+00:00,-16.09,110.6
2026-09-27T04:13:10.510+00:00,-17.82,108.2
2026-09-27T04:13:11.288+00:00,-13.79,114.0
2026-09-27T04:13:12.039+00:00,-19.28,106.2
2026-09-27T04:13:12.810+00:00,-18.33,107.5
2026-09-27T04:13:13.551+00:00,-22.74,101.3
2026-09-27T04:13:14.293+00:00,-22.85,101.2
2026-09-27T04:13:15.096+00:00,-19.62,105.7
2026-09-27T04:13:15.859+00:00,-14.16,113.4
2026-09-27T04:13:16.624+00:00,-22.08,102.3
2026-09-27T04:13:17.309+00:00,-22.73,101.3
2026-09-27T04:13:18.064+00:00,-15.64,111.3
2026-09-27T04:13:18.801+00:00,-19.86,105.4
2026-09-27T04:13:19.609+00:00,-16.83,109.6
2026-09-27T04:13:20.331+00:00,-21.62,102.9
2026-09-27T04:13:21.057+00:00,-15.09,112.0
2026-09-27T04:13:21.768+00:00,-14.79,112.6
2026-09-27T04:13:22.599+00:00,-15.67,111.3
2026-09-27T04:13:23.368+00:00,-20.52,104.4
2026-09-27T04:13:24.025+00:00,-17.55,108.6
2026-09-27T04:13:24.839+00:00,-18.41,107.4
2026-09-27T04:13:25.615+00:00,-18.22,107.7
2026-09-27T04:13:26.307+00:00,-21.44,103.1
2026-09-27T04:13:27.142+00:00,-18.7,107.0
2026-09-27T04:13:27.887+00:00,-15.16,112.0
2026-09-27T04:13:28.555+00:00,-18.35,107.5
2026-09-27T04:13:29.272+00:00,-20.25,104.8
2026-09-27T04:13:30.070+00:00,-19.04,106.5
2026-09-27T04:13:30.822+00:00,-17.52,108.6
2026-09-27T04:13:31.600+00:00,-16.78,109.8
2026-09-27T04:13:32.288+00:00,-18.28,107.7
2026-09-27T04:13:33.109+00:00,-19.6,105.7
2026-09-27T04:13:33.813+00:00,-21.91,102.4
2026-09-27T04:13:34.546+00:00,-22.98,101.0
2026-09-27T04:13:35.284+00:00,-19.0,106.5
2026-09-27T04:13:36.032+00:00,-19.73,105.5
2026-09-27T04:13:36.812+00:00,-20.23,104.8
2026-09-27T04:13:37.504+00:00,-19.6,105.7
2026-09-27T04:13:38.348+00:00,-20.19,105.0
2026-09-27T04:13:39.112+00:00,-19.9,105.3
2026-09-27T04:13:39.876+00:00,-18.69,107.0
2026-09-27T04:13:40.590+00:00,-16.23,110.5
2026-09-27T04:13:41.331+00:00,-18.59,107.1
2026-09-27T04:13:42.029+00:00,-20.18,105.0
2026-09-27T04:13:42.773+00:00,-19.28,106.2
2026-09-27T04:13:43.599+00:00,-21.6,102.9
2026-09-27T04:13:44.292+00:00,-18.22,107.7
2026-09-27T04:13:45.023+00:00,-21.95,102.4
2026-09-27T04:13:45.793+00:00,-22.31,101.9
2026-09-27T04:13:46.595+00:00,-21.78,102.7
2026-09-27T04:13:47.361+00:00,-16.93,109.5
2026-09-27T04:13:48.013+00:00,-21.73,102.7
2026-09-27T04:13:48.843+00:00,-19.43,106.0
2026-09-27T04:13:49.606+00:00,-13.65,114.2
2026-09-27T04:13:50.314+00:00,-22.05,102.3
2026-09-27T04:13:51.076+00:00,-25.45,97.5
2026-09-27T04:13:51.819+00:00,-19.96,105.3
2026-09-27T04:13:52.558+00:00,-20.42,104.6
2026-09-27T04:13:53.343+00:00,-18.17,107.8
2026-09-27T04:13:54.103+00:00,-14.22,113.3
2026-09-27T04:13:54.828+00:00,-16.36,110.3
2026-09-27T04:13:55.641+00:00,-17.73,108.4
2026-09-27T04:13:56.361+00:00,-16.09,110.6
2026-09-27T04:13:57.094+00:00,-16.15,110.6
2026-09-27T04:13:57.841+00:00,-16.27,110.5
2026-09-27T04:13:58.516+00:00,-18.36,107.5
2026-09-27T04:13:59.304+00:00,-15.96,110.9
2026-09-27T04:14:00.037+00:00,-20.64,104.3
2026-09-27T04:14:00.871+00:00,-15.06,112.2
2026-09-27T04:14:01.590+00:00,-18.41,107.4
2026-09-27T04:14:02.278+00:00,-16.34,110.3
2026-09-27T04:14:03.089+00:00,-15.3,111.8
2026-09-27T04:14:03.878+00:00,-18.72,107.0
2026-09-27T04:14:04.583+00:00,-17.02,109.4
2026-09-27T04:14:05.387+00:00,-18.59,107.1
2026-09-27T04:14:06.044+00:00,-15.81,111.0
2026-09-27T04:14:06.812+00:00,-16.17,110.6
2026-09-27T04:14:07.601+00:00,-20.74,104.1
2026-09-27T04:14:08.312+00:00,-19.79,105.5
2026-09-27T04:14:09.072+00:00,-19.27,106.2
2026-09-27T04:14:09.900+00:00,-21.33,103.3
2026-09-27T04:14:10.549+00:00,-19.88,105.4
2026-09-27T04:14:11.309+00:00,-15.07,112.2
2026-09-27T04:14:12.042+00:00,-19.79,105.5
2026-09-27T04:14:12.801+00:00,-14.84,112.5
2026-09-27T04:14:13.618+00:00,-16.68,109.9
2026-09-27T04:14:14.313+00:00,-16.79,109.8
2026-09-27T04:14:15.068+00:00,-20.91,103.8
2026-09-27T04:14:15.834+00:00,-25.26,97.8
2026-09-27T04:14:16.583+00:00,-17.2,109.1
2026-09-27T04:14:17.315+00:00,-19.37,106.1
2026-09-27T04:14:18.007+00:00,-22.72,101.3
2026-09-27T04:14:18.838+00:00,-17.73,108.4
2026-09-27T04:14:19.562+00:00,-15.29,111.9
2026-09-27T04:14:20.328+00:00,-17.16,109.2
2026-09-27T04:14:21.104+00:00,-17.17,109.2
2026-09-27T04:14:21.830+00:00,-24.97,98.2
2026-09-27T04:14:22.531+00:00,-18.36,107.5
2026-09-27T04:14:23.306+00:00,-22.28,102.0
2026-09-27T04:14:24.026+00:00,-21.34,103.3
2026-09-27T04:14:24.812+00:00,-17.89,108.1
2026-09-27T04:14:25.507+00:00,-17.2,109.1
2026-09-27T04:14:26.247+00:00,-19.2,106.2
2026-09-27T04:14:26.999+00:00,-19.84,105.4
2026-09-27T04:14:27.816+00:00,-18.75,107.0
2026-09-27T04:14:28.598+00:00,-19.01,106.5
2026-09-27T04:14:29.386+00:00,-15.29,111.9
2026-09-27T04:14:30.038+00:00,-15.72,111.2
2026-09-27T04:14:30.784+00:00,-22.06,102.3
2026-09-27T04:14:31.582+00:00,-19.59,105.7
2026-09-27T04:14:32.320+00:00,-20.85,104.0
2026-09-27T04:14:33.059+00:00,-19.12,106.4
2026-09-27T04:14:33.797+00:00,-21.0,103.7
2026-09-27T04:14:34.534+00:00,-20.84,104.0
2026-09-27T04:14:35.301+00:00,-19.17,106.4
2026-09-27T04:14:36.081+00:00,-22.19,102.2
2026-09-27T04:14:36.859+00:00,-19.57,105.8
2026-09-27T04:14:37.620+00:00,-23.43,100.3
2026-09-27T04:14:38.300+00:00,-16.61,109.9
2026-09-27T04:14:39.087+00:00,-20.72,104.1
2026-09-27T04:14:39.835+00:00,-19.7,105.5
2026-09-27T04:14:40.552+00:00,-25.98,96.8
2026-09-27T04:14:41.303+00:00,-23.6,100.0
2026-09-27T04:14:42.010+00:00,-17.25,109.1
2026-09-27T04:14:42.806+00:00,-14.73,112.6
2026-09-27T04:14:43.578+00:00,-16.55,110.1
2026-09-27T04:14:44.298+00:00,-20.66,104.3
2026-09-27T04:14:45.129+00:00,-21.06,103.7
2026-09-27T04:14:45.840+00:00,-20.69,104.1
2026-09-27T04:14:46.548+00:00,-15.94,110.9
2026-09-27T04:14:47.345+00:00,-21.9,102.4
2026-09-27T04:14:48.003+00:00,-18.11,107.8
2026-09-27T04:14:48.802+00:00,-13.12,114.9
2026-09-27T04:14:49.531+00:00,-20.5,104.4
2026-09-27T04:14:50.271+00:00,-18.74,107.0
2026-09-27T04:14:51.064+00:00,-14.09,113.4
2026-09-27T04:14:51.832+00:00,-18.54,107.2
2026-09-27T04:14:52.603+00:00,-16.15,110.6
2026-09-27T04:14:53.303+00:00,-18.0,107.9
2026-09-27T04:14:54.013+00:00,-19.02,106.5
2026-09-27T04:14:54.839+00:00,-19.04,106.5
2026-09-27T04:14:55.595+00:00,-22.57,101.6
2026-09-27T04:14:56.286+00:00,-24.37,99.0
2026-09-27T04:14:57.084+00:00,-29.88,91.3
2026-09-27T04:14:57.770+00:00,-24.21,99.2
2026-09-27T04:14:58.493+00:00,-30.39,90.4
2026-09-27T04:14:59.309+00:00,-30.8,89.9
2026-09-27T04:14:59.999+00:00,-33.13,86.6
2026-09-27T04:15:00.824+00:00,-44.27,70.9
2026-09-27T04:15:01.618+00:00,-35.47,83.4
2026-09-27T04:15:02.299+00:00,-40.7,75.9
2026-09-27T04:15:03.062+00:00,-28.35,93.4
2026-09-27T04:15:03.875+00:00,-50.66,61.9
2026-09-27T04:15:04.586+00:00,-38.75,78.7
2026-09-27T04:15:05.271+00:00,-47.72,66.0
2026-09-27T04:15:05.966+00:00,-49.17,64.0
2026-09-27T04:15:06.809+00:00,-50.8,61.6
2026-09-27T04:15:07.560+00:00,-53.44,58.0
2026-09-27T04:15:08.300+00:00,-43.84,71.5
2026-09-27T04:15:09.111+00:00,-27.33,94.8
2026-09-27T04:15:09.808+00:00,-51.31,60.9
2026-09-27T04:15:10.541+00:00,-51.19,61.2
2026-09-27T04:15:11.265+00:00,-39.12,78.1
2026-09-27T04:15:12.027+00:00,-43.0,72.6
2026-09-27T04:15:12.807+00:00,-49.88,63.0
2026-09-27T04:15:13.526+00:00,-46.06,68.4
2026-09-27T04:15:14.248+00:00,-40.43,76.3
2026-09-27T04:15:15.063+00:00,-47.46,66.4
2026-09-27T04:15:15.817+00:00,-51.28,61.1
2026-09-27T04:15:16.587+00:00,-51.23,61.1
2026-09-27T04:15:17.385+00:00,-55.76,54.7
2026-09-27T04:15:18.080+00:00,-57.36,52.4
2026-09-27T04:15:18.812+00:00,-57.8,51.7
2026-09-27T04:15:19.581+00:00,-55.93,54.4
2026-09-27T04:15:20.316+00:00,-52.96,58.7
2026-09-27T04:15:21.067+00:00,-47.06,67.0
2026-09-27T04:15:21.845+00:00,-55.02,55.7
2026-09-27T04:15:22.479+00:00,-45.69,68.8
2026-09-27T04:15:23.299+00:00,-33.09,86.6
2026-09-27T04:15:24.012+00:00,-30.71,90.0
2026-09-27T04:15:24.816+00:00,-38.03,79.7
2026-09-27T04:15:25.607+00:00,-43.99,71.2
2026-09-27T04:15:26.309+00:00,-56.95,53.0
2026-09-27T04:15:27.058+00:00,-43.44,72.1
2026-09-27T04:15:27.798+00:00,-47.82,65.9
2026-09-27T04:15:28.500+00:00,-31.24,89.3
2026-09-27T04:15:29.317+00:00,-30.73,90.0
2026-09-27T04:15:30.019+00:00,-27.99,94.0
2026-09-27T04:15:30.807+00:00,-35.22,83.7
2026-09-27T04:15:31.520+00:00,-19.28,106.2
2026-09-27T04:15:32.294+00:00,-14.69,112.6
2026-09-27T04:15:33.121+00:00,-17.49,108.8
2026-09-27T04:15:33.817+00:00,-23.44,100.3
2026-09-27T04:15:34.516+00:00,-26.09,96.5
2026-09-27T04:15:35.348+00:00,-18.38,107.5
2026-09-27T04:15:36.096+00:00,-34.98,84.1
2026-09-27T04:15:36.827+00:00,-17.96,108.1
2026-09-27T04:15:37.520+00:00,-34.82,84.2
2026-09-27T04:15:38.265+00:00,-50.23,62.5
2026-09-27T04:15:39.024+00:00,-54.74,56.1
2026-09-27T04:15:39.818+00:00,-23.4,100.3
2026-09-27T04:15:40.587+00:00,-18.65,107.1
2026-09-27T04:15:41.370+00:00,-24.37,99.0
2026-09-27T04:15:42.016+00:00,-31.31,89.2
2026-09-27T04:15:42.848+00:00,-19.38,106.1
2026-09-27T04:15:43.606+00:00,-14.29,113.3
2026-09-27T04:15:44.294+00:00,-19.3,106.1
2026-09-27T04:15:45.028+00:00,-22.94,101.0
2026-09-27T04:15:45.833+00:00,-25.96,96.8
2026-09-27T04:15:46.490+00:00,-46.43,67.8
2026-09-27T04:15:47.331+00:00,-52.4,59.4
2026-09-27T04:15:48.039+00:00,-41.06,75.5
2026-09-27T04:15:48.837+00:00,-30.28,90.7
2026-09-27T04:15:49.616+00:00,-52.21,59.6
2026-09-27T04:15:50.307+00:00,-54.98,55.8
2026-09-27T04:15:51.068+00:00,-30.39,90.4
2026-09-27T04:15:51.868+00:00,-37.8,80.0
2026-09-27T04:15:52.526+00:00,-30.46,90.4
2026-09-27T04:15:53.296+00:00,-20.97,103.8
2026-09-27T04:15:54.008+00:00,-22.45,101.7
2026-09-27T04:15:54.801+00:00,-33.8,85.6
2026-09-27T04:15:55.505+00:00,-53.08,58.5
2026-09-27T04:15:56.352+00:00,-54.55,56.4
2026-09-27T04:15:57.074+00:00,-57.77,51.9
2026-09-27T04:15:57.811+00:00,-31.35,89.2
2026-09-27T04:15:58.517+00:00,-54.07,57.1
2026-09-27T04:15:59.330+00:00,-57.18,52.7
2026-09-27T04:16:00.033+00:00,-59.64,49.2
2026-09-27T04:16:00.826+00:00,-61.61,46.4
2026-09-27T04:16:01.519+00:00,-59.21,49.8
2026-09-27T04:16:02.217+00:00,-42.46,73.5
2026-09-27T04:16:03.020+00:00,-29.48,91.8
2026-09-27T04:16:03.807+00:00,-25.84,96.9
2026-09-27T04:16:04.614+00:00,-18.53,107.2
2026-09-27T04:16:05.366+00:00,-15.84,111.0
2026-09-27T04:16:06.023+00:00,-46.77,67.4
2026-09-27T04:16:06.837+00:00,-58.68,50.6
2026-09-27T04:16:07.617+00:00,-59.18,49.9
2026-09-27T04:16:08.289+00:00,-47.44,66.4
2026-09-27T04:16:09.014+00:00,-58.7,50.5
2026-09-27T04:16:09.848+00:00,-57.57,52.2
2026-09-27T04:16:10.505+00:00,-59.54,49.3
2026-09-27T04:16:11.332+00:00,-55.08,55.7
2026-09-27T04:16:12.040+00:00,-58.66,50.6
2026-09-27T04:16:12.822+00:00,-61.22,46.9
2026-09-27T04:16:13.579+00:00,-60.84,47.5
2026-09-27T04:16:14.325+00:00,-59.4,49.5
2026-09-27T04:16:15.019+00:00,-50.7,61.8
2026-09-27T04:16:15.853+00:00,-30.32,90.6
2026-09-27T04:16:16.504+00:00,-19.63,105.7
2026-09-27T04:16:17.324+00:00,-33.94,85.5
2026-09-27T04:16:18.045+00:00,-31.02,89.6
2026-09-27T04:16:18.801+00:00,-23.66,100.0
2026-09-27T04:16:19.525+00:00,-36.03,82.5
2026-09-27T04:16:20.317+00:00,-34.38,84.9
2026-09-27T04:16:21.109+00:00,-21.46,103.1
2026-09-27T04:16:21.834+00:00,-34.11,85.2
2026-09-27T04:16:22.520+00:00,-49.48,63.6
2026-09-27T04:16:23.351+00:00,-52.49,59.2
2026-09-27T04:16:24.069+00:00,-47.56,66.3
2026-09-27T04:16:24.802+00:00,-52.46,59.4
2026-09-27T04:16:25.510+00:00,-59.51,49.3
2026-09-27T04:16:26.275+00:00,-54.42,56.5
2026-09-27T04:16:27.046+00:00,-34.03,85.3
2026-09-27T04:16:27.821+00:00,-33.31,86.3
2026-09-27T04:16:28.564+00:00,-31.83,88.5
2026-09-27T04:16:29.364+00:00,-18.56,107.2
2026-09-27T04:16:30.063+00:00,-18.7,107.0
2026-09-27T04:16:30.798+00:00,-12.13,116.3
2026-09-27T04:16:31.604+00:00,-19.7,105.5
2026-09-27T04:16:32.304+00:00,-15.79,111.2
2026-09-27T04:16:33.017+00:00,-14.34,113.2
2026-09-27T04:16:33.844+00:00,-16.39,110.2
2026-09-27T04:16:34.498+00:00,-14.67,112.7
2026-09-27T04:16:35.275+00:00,-11.15,117.7
2026-09-27T04:16:36.076+00:00,-14.96,112.3
2026-09-27T04:16:36.780+00:00,-19.74,105.5
2026-09-27T04:16:37.596+00:00,-15.06,112.2
2026-09-27T04:16:38.297+00:00,-20.46,104.6
2026-09-27T04:16:39.004+00:00,-15.39,111.6
2026-09-27T04:16:39.857+00:00,-16.71,109.8
2026-09-27T04:16:40.565+00:00,-20.39,104.6
2026-09-27T04:16:41.345+00:00,-19.2,106.2
2026-09-27T04:16:42.035+00:00,-16.86,109.6
2026-09-27T04:16:42.812+00:00,-17.01,109.4
2026-09-27T04:16:43.559+00:00,-17.06,109.4
2026-09-27T04:16:44.329+00:00,-16.39,110.2
2026-09-27T04:16:45.117+00:00,-16.26,110.5
2026-09-27T04:16:45.853+00:00,-18.98,106.7
2026-09-27T04:16:46.508+00:00,-21.68,102.9
2026-09-27T04:16:47.355+00:00,-18.02,107.9
2026-09-27T04:16:47.989+00:00,-16.19,110.6
2026-09-27T04:16:48.813+00:00,-17.08,109.4
2026-09-27T04:16:49.514+00:00,-13.58,114.3
2026-09-27T04:16:50.215+00:00,-19.35,106.1
2026-09-27T04:16:51.039+00:00,-19.32,106.1
2026-09-27T04:16:51.817+00:00,-19.18,106.4
2026-09-27T04:16:52.573+00:00,-22.67,101.4
2026-09-27T04:16:53.368+00:00,-19.07,106.5
2026-09-27T04:16:54.021+00:00,-18.23,107.7
2026-09-27T04:16:54.810+00:00,-18.71,107.0
2026-09-27T04:16:55.607+00:00,-14.46,113.0
2026-09-27T04:16:56.330+00:00,-14.06,113.6
2026-09-27T04:16:57.014+00:00,-17.54,108.6
2026-09-27T04:16:57.808+00:00,-13.23,114.7
2026-09-27T04:16:58.560+00:00,-21.84,102.6
2026-09-27T04:16:59.306+00:00,-24.71,98.5
2026-09-27T04:17:00.082+00:00,-18.31,107.5
2026-09-27T04:17:00.840+00:00,-12.43,115.8
2026-09-27T04:17:01.610+00:00,-18.69,107.0
2026-09-27T04:17:02.308+00:00,-14.64,112.7
2026-09-27T04:17:03.034+00:00,-16.84,109.6
2026-09-27T04:17:03.787+00:00,-19.74,105.5
2026-09-27T04:17:04.579+00:00,-15.48,111.6
2026-09-27T04:17:05.286+00:00,-14.53,112.9
2026-09-27T04:17:06.035+00:00,-18.27,107.7
2026-09-27T04:17:06.854+00:00,-18.19,107.8
2026-09-27T04:17:07.532+00:00,-13.77,114.0
2026-09-27T04:17:08.313+00:00,-14.99,112.3
2026-09-27T04:17:09.115+00:00,-17.19,109.2
2026-09-27T04:17:09.835+00:00,-18.57,107.2
2026-09-27T04:17:10.513+00:00,-18.7,107.0
2026-09-27T04:17:11.309+00:00,-16.82,109.6
2026-09-27T04:17:11.986+00:00,-18.77,107.0
